date,position,y_pred,p_value,xau_t1,strategy_ret,equity
2014-11-11,0.0,0.0,1.0,-0.0012113842593084456,0.0,1.0
2014-11-12,0.0,0.0,1.0,-0.0004773190529157034,0.0,1.0
2014-11-13,0.0,0.0,1.0,0.022366834720979334,0.0,1.0
2014-11-14,0.0,0.0,1.0,-0.0013036808479327533,0.0,1.0
2014-11-17,0.0,0.0,1.0,0.008756079527651117,0.0,1.0
2014-11-18,0.0,0.0,1.0,-0.011999509587508506,0.0,1.0
2014-11-19,0.0,0.0,1.0,0.007715083744884943,0.0,1.0
2014-11-20,0.0,0.0,1.0,0.007691257516421857,0.0,1.0
2014-11-21,0.0,0.0,1.0,-0.0027378698270217328,0.0,1.0
2014-11-24,0.0,0.0,1.0,0.002018234120828133,0.0,1.0
2014-11-25,0.0,0.0,1.0,-0.0018137882652080606,0.0,1.0
2014-11-26,0.0,0.0,1.0,-0.005118255874809741,0.0,1.0
2014-11-27,0.0,0.0,1.0,-0.021545559944549986,0.0,1.0
2014-11-28,0.0,0.0,1.0,0.03744372060342993,0.0,1.0
2014-12-01,0.0,0.0,1.0,-0.011169044683560614,0.0,1.0
2014-12-02,0.0,0.0,1.0,0.009290026921241257,0.0,1.0
2014-12-03,0.0,0.0,1.0,-0.0027835842857477644,0.0,1.0
2014-12-04,0.0,0.0,1.0,-0.011090574559971422,0.0,1.0
2014-12-05,0.0,0.0,1.0,0.008858853549806867,0.0,1.0
2014-12-08,0.0,0.0,1.0,0.022938760871876518,0.0,1.0
2014-12-09,0.0,0.0,1.0,-0.004301655395363646,0.0,1.0
2014-12-10,0.0,0.0,1.0,0.0011056966277118718,0.0,1.0
2014-12-11,0.0,0.0,1.0,-0.003906809756503371,0.0,1.0
2014-12-12,0.0,0.0,1.0,-0.025032208387576915,0.0,1.0
2014-12-15,0.0,0.0,1.0,0.002580368049037496,0.0,1.0
2014-12-16,0.0,0.0,1.0,-0.007978632634739746,0.0,1.0
2014-12-17,0.0,0.0,1.0,0.0100306869826019,0.0,1.0
2014-12-18,0.0,0.0,1.0,-0.0021880852775710835,0.0,1.0
2014-12-19,0.0,0.0,1.0,-0.016277716983439383,0.0,1.0
2014-12-22,0.0,0.0,1.0,-0.0014643175863238156,0.0,1.0
2014-12-23,0.0,0.0,1.0,0.00015344733520450404,0.0,1.0
2014-12-24,0.0,0.0,1.0,0.0004451260488016473,0.0,1.0
2014-12-25,0.0,0.0,1.0,0.01758169020378375,0.0,1.0
2014-12-26,0.0,0.0,1.0,0.003847248251439339,0.0,1.0
2014-12-30,0.0,0.0,1.0,-0.014144457694400536,0.0,1.0
2014-12-31,0.0,0.0,1.0,0.0011310233661276925,0.0,1.0
2015-01-01,0.0,0.0,0.6046801008151083,0.0017948041263498027,0.0,1.0
2015-01-02,0.0,0.0,0.6046801008151083,0.016340276419559707,0.0,1.0
2015-01-05,0.0,0.0,0.6046801008151083,0.008803974428056804,0.0,1.0
2015-01-06,0.0,0.0,0.6046801008151083,-0.0047463840710149086,0.0,1.0
2015-01-07,0.0,0.0,0.6046801008151083,-0.002001078930215172,0.0,1.0
2015-01-08,0.0,0.0,0.6046801008151083,0.01133388009029801,0.0,1.0
2015-01-09,0.0,0.0,0.6046801008151083,0.008581771032930341,0.0,1.0
2015-01-12,0.0,0.0,0.6046801008151083,-0.0024023705599258705,0.0,1.0
2015-01-13,0.0,0.0,0.6046801008151083,-0.0003999293407437321,0.0,1.0
2015-01-14,0.0,0.0,0.6046801008151083,0.026136819371861186,0.0,1.0
2015-01-15,0.0,0.0,0.6046801008151083,0.01386118007063697,0.0,1.0
2015-01-16,0.0,0.0,0.6046801008151083,-0.0014808125013763274,0.0,1.0
2015-01-19,0.0,0.0,0.6046801008151083,0.012228262750053176,0.0,1.0
2015-01-20,0.0,0.0,0.6046801008151083,0.0015153241146093066,0.0,1.0
2015-01-21,0.0,0.0,0.6046801008151083,0.004699715424727913,0.0,1.0
2015-01-22,0.0,0.0,0.6046801008151083,-0.005471949923977704,0.0,1.0
2015-01-23,0.0,0.0,0.6046801008151083,-0.01023518115437394,0.0,1.0
2015-01-26,0.0,0.0,0.6046801008151083,0.00972694129888918,0.0,1.0
2015-01-27,0.0,0.0,0.6046801008151083,-0.007695122632187967,0.0,1.0
2015-01-28,0.0,0.0,0.6046801008151083,-0.021091943992313844,0.0,1.0
2015-01-29,0.0,0.0,0.6046801008151083,0.020513905622128625,0.0,1.0
2015-01-30,0.0,0.0,0.6046801008151083,-0.003974833468426198,0.0,1.0
2015-02-02,0.0,0.0,0.6392549356991598,-0.014017826227334496,0.0,1.0
2015-02-03,0.0,0.0,0.6392549356991598,0.0068914164172433345,0.0,1.0
2015-02-04,0.0,0.0,0.6392549356991598,-0.0038301454635911725,0.0,1.0
2015-02-05,0.0,0.0,0.6392549356991598,-0.024305773737824943,0.0,1.0
2015-02-06,0.0,0.0,0.6392549356991598,0.004054690905086034,0.0,1.0
2015-02-09,0.0,0.0,0.6392549356991598,-0.0045723603984733074,0.0,1.0
2015-02-10,0.0,0.0,0.6392549356991598,-0.012554624025507444,0.0,1.0
2015-02-11,0.0,0.0,0.6392549356991598,0.002103970205060257,0.0,1.0
2015-02-12,0.0,0.0,0.6392549356991598,0.006837948398291438,0.0,1.0
2015-02-13,0.0,0.0,0.6392549356991598,0.0019089643307657056,0.0,1.0
2015-02-16,0.0,0.0,0.6392549356991598,-0.018187333178642184,0.0,1.0
2015-02-17,0.0,0.0,0.6392549356991598,0.003359851306249162,0.0,1.0
2015-02-18,0.0,0.0,0.6392549356991598,-0.006906796721576569,0.0,1.0
2015-02-19,0.0,0.0,0.6392549356991598,-0.002407928590606012,0.0,1.0
2015-02-20,0.0,0.0,0.6392549356991598,-0.0001639832039330713,0.0,1.0
2015-02-23,0.0,0.0,0.6392549356991598,-0.0012271557549059509,0.0,1.0
2015-02-24,0.0,0.0,0.6392549356991598,0.0035971416267184253,0.0,1.0
2015-02-25,0.0,0.0,0.6392549356991598,0.003588001905556304,0.0,1.0
2015-02-26,0.0,0.0,0.6392549356991598,0.003524438467604085,0.0,1.0
2015-02-27,0.0,0.0,0.6392549356991598,-0.005475866840699339,0.0,1.0
2015-03-02,0.0,0.0,0.3710752282774421,-0.0019385174573578468,0.0,1.0
2015-03-03,0.0,0.0,0.3710752282774421,-0.004123709985248247,0.0,1.0
2015-03-04,0.0,0.0,0.3710752282774421,-0.0020924178123697956,0.0,1.0
2015-03-05,0.0,0.0,0.3710752282774421,-0.024688266846573548,0.0,1.0
2015-03-06,0.0,0.0,0.3710752282774421,-0.000612748313808531,0.0,1.0
2015-03-09,0.0,0.0,0.3710752282774421,-0.003999873908785645,0.0,1.0
2015-03-10,0.0,0.0,0.3710752282774421,-0.005940758849209082,0.0,1.0
2015-03-11,0.0,0.0,0.3710752282774421,-0.0009251687093838612,0.0,1.0
2015-03-12,0.0,0.0,0.3710752282774421,0.004045429896639696,0.0,1.0
2015-03-13,0.0,0.0,0.3710752282774421,-0.003912377570186365,0.0,1.0
2015-03-16,0.0,0.0,0.3710752282774421,-0.004473545990957284,0.0,1.0
2015-03-17,0.0,0.0,0.3710752282774421,0.015936600406096346,0.0,1.0
2015-03-18,0.0,0.0,0.3710752282774421,0.0028328676771973704,0.0,1.0
2015-03-19,0.0,0.0,0.3710752282774421,0.010066220301173878,0.0,1.0
2015-03-20,0.0,0.0,0.3710752282774421,0.005836585354511037,0.0,1.0
2015-03-23,0.0,0.0,0.3710752282774421,0.002132961704499614,0.0,1.0
2015-03-24,0.0,0.0,0.3710752282774421,0.0022073156201400934,0.0,1.0
2015-03-25,0.0,0.0,0.3710752282774421,0.007824275876711972,0.0,1.0
2015-03-26,0.0,0.0,0.3710752282774421,-0.004553672157717514,0.0,1.0
2015-03-27,0.0,0.0,0.3710752282774421,-0.010758270191003838,0.0,1.0
2015-03-30,0.0,0.0,0.3710752282774421,-0.0022720376136211584,0.0,1.0
2015-03-31,0.0,0.0,0.3710752282774421,0.01700758202942243,0.0,1.0
2015-04-01,0.0,0.0,0.7446847325583925,-0.003193704057681934,0.0,1.0
2015-04-02,0.0,0.0,0.7446847325583925,0.003306429814487366,0.0,1.0
2015-04-03,0.0,0.0,0.7446847325583925,0.01062316463719526,0.0,1.0
2015-04-06,0.0,0.0,0.7446847325583925,-0.006446803799212475,0.0,1.0
2015-04-07,0.0,0.0,0.7446847325583925,-0.005438002567302647,0.0,1.0
2015-04-08,0.0,0.0,0.7446847325583925,-0.0063631519968190275,0.0,1.0
2015-04-09,0.0,0.0,0.7446847325583925,0.010847862324097512,0.0,1.0
2015-04-10,0.0,0.0,0.7446847325583925,-0.007364601423665462,0.0,1.0
2015-04-13,0.0,0.0,0.7446847325583925,-0.004684500061188146,0.0,1.0
2015-04-14,0.0,0.0,0.7446847325583925,0.007868396790722265,0.0,1.0
2015-04-15,0.0,0.0,0.7446847325583925,-0.0035797297723521027,0.0,1.0
2015-04-16,0.0,0.0,0.7446847325583925,0.005120380181672601,0.0,1.0
2015-04-17,0.0,0.0,0.7446847325583925,-0.0068498044969400596,0.0,1.0
2015-04-20,0.0,0.0,0.7446847325583925,0.005505015167190486,0.0,1.0
2015-04-21,0.0,0.0,0.7446847325583925,-0.01289867529679345,0.0,1.0
2015-04-22,0.0,0.0,0.7446847325583925,0.005134815753510935,0.0,1.0
2015-04-23,0.0,0.0,0.7446847325583925,-0.012218196651505586,0.0,1.0
2015-04-24,0.0,0.0,0.7446847325583925,0.019102206763805363,0.0,1.0
2015-04-27,0.0,0.0,0.7446847325583925,0.008385059482647783,0.0,1.0
2015-04-28,0.0,0.0,0.7446847325583925,-0.005938192076917481,0.0,1.0
2015-04-29,0.0,0.0,0.7446847325583925,-0.017035474235751025,0.0,1.0
2015-04-30,0.0,0.0,0.7446847325583925,-0.004806135557600122,0.0,1.0
2015-05-01,0.0,0.0,0.6961470145481574,0.007751378125970376,0.0,1.0
2015-05-04,0.0,0.0,0.6961470145481574,0.004424883091814991,0.0,1.0
2015-05-05,0.0,0.0,0.6961470145481574,-0.001211011120362926,0.0,1.0
2015-05-06,0.0,0.0,0.6961470145481574,-0.0060402862988366834,0.0,1.0
2015-05-07,0.0,0.0,0.6961470145481574,0.00271304270193351,0.0,1.0
2015-05-08,0.0,0.0,0.6961470145481574,-0.003493754821742634,0.0,1.0
2015-05-11,0.0,0.0,0.6961470145481574,0.00802792011278708,0.0,1.0
2015-05-12,0.0,0.0,0.6961470145481574,0.01827559382791133,0.0,1.0
2015-05-13,0.0,0.0,0.6961470145481574,0.005507389716283839,0.0,1.0
2015-05-14,0.0,0.0,0.6961470145481574,0.001587960445235126,0.0,1.0
2015-05-15,0.0,0.0,0.6961470145481574,0.0012972862882882907,0.0,1.0
2015-05-18,0.0,0.0,0.6961470145481574,-0.013909518931577658,0.0,1.0
2015-05-19,0.0,0.0,0.6961470145481574,0.0012792100631697778,0.0,1.0
2015-05-20,0.0,0.0,0.6961470145481574,-0.003148476388097343,0.0,1.0
2015-05-21,0.0,0.0,0.6961470145481574,-8.36830940311728e-05,0.0,1.0
2015-05-22,0.0,0.0,0.6961470145481574,0.0009501560611075988,0.0,1.0
2015-05-25,0.0,0.0,0.6961470145481574,-0.01672177713407841,0.0,1.0
2015-05-26,0.0,0.0,0.6961470145481574,0.000250663081603264,0.0,1.0
2015-05-27,0.0,0.0,0.6961470145481574,0.000765365809478169,0.0,1.0
2015-05-28,0.0,0.0,0.6961470145481574,0.0015028523259790205,0.0,1.0
2015-05-29,0.0,0.0,0.6961470145481574,-0.001085645971440563,0.0,1.0
2015-06-01,0.0,0.0,0.9098403082939465,0.003655355260676174,0.0,1.0
2015-06-02,0.0,0.0,0.9098403082939465,-0.00557542273184275,0.0,1.0
2015-06-03,0.0,0.0,0.9098403082939465,-0.008760379548810704,0.0,1.0
2015-06-04,0.0,0.0,0.9098403082939465,-0.00273502936892811,0.0,1.0
2015-06-05,0.0,0.0,0.9098403082939465,0.001213228662985344,0.0,1.0
2015-06-08,0.0,0.0,0.9098403082939465,0.0017604041404011284,0.0,1.0
2015-06-09,0.0,0.0,0.9098403082939465,0.009065973325222743,0.0,1.0
2015-06-10,0.0,0.0,0.9098403082939465,-0.006108828865596827,0.0,1.0
2015-06-11,0.0,0.0,0.9098403082939465,-0.0010125451904157146,0.0,1.0
2015-06-12,0.0,0.0,0.9098403082939465,0.007098862337969081,0.0,1.0
2015-06-15,0.0,0.0,0.9098403082939465,-0.006184918585195653,0.0,1.0
2015-06-16,0.0,0.0,0.9098403082939465,0.005747758807167713,0.0,1.0
2015-06-17,0.0,0.0,0.9098403082939465,0.013201205346429212,0.0,1.0
2015-06-18,0.0,0.0,0.9098403082939465,-0.00012229182681711137,0.0,1.0
2015-06-19,0.0,0.0,0.9098403082939465,-0.012979733425511064,0.0,1.0
2015-06-22,0.0,0.0,0.9098403082939465,-0.008212803482969377,0.0,1.0
2015-06-23,0.0,0.0,0.9098403082939465,-0.0016737576326812942,0.0,1.0
2015-06-24,0.0,0.0,0.9098403082939465,-0.0007556852680217219,0.0,1.0
2015-06-25,0.0,0.0,0.9098403082939465,0.0006932311156857551,0.0,1.0
2015-06-26,0.0,0.0,0.9098403082939465,0.0030893804110325718,0.0,1.0
2015-06-29,0.0,0.0,0.9098403082939465,-0.0023952504340876146,0.0,1.0
2015-06-30,0.0,0.0,0.9098403082939465,-0.0080819162179111,0.0,1.0
2015-07-01,0.0,0.0,0.8910170339667611,-0.001561431979917316,0.0,1.0
2015-07-02,0.0,0.0,0.8910170339667611,0.0012593393575084377,0.0,1.0
2015-07-03,0.0,0.0,0.8910170339667611,0.005307768559320358,0.0,1.0
2015-07-06,0.0,0.0,0.8910170339667611,-0.016561032206955595,0.0,1.0
2015-07-07,0.0,0.0,0.8910170339667611,0.005596122864364617,0.0,1.0
2015-07-08,0.0,0.0,0.8910170339667611,0.00037446204249302895,0.0,1.0
2015-07-09,0.0,0.0,0.8910170339667611,0.0028149217036492757,0.0,1.0
2015-07-10,0.0,0.0,0.8910170339667611,-0.00345470478254839,0.0,1.0
2015-07-13,0.0,0.0,0.8910170339667611,-0.0013215042559604484,0.0,1.0
2015-07-14,0.0,0.0,0.8910170339667611,-0.0072497249300482736,0.0,1.0
2015-07-15,0.0,0.0,0.8910170339667611,-0.0026770429419498143,0.0,1.0
2015-07-16,0.0,0.0,0.8910170339667611,-0.0102698003550179,0.0,1.0
2015-07-17,0.0,0.0,0.8910170339667611,-0.03321705271859532,0.0,1.0
2015-07-20,0.0,0.0,0.8910170339667611,0.002818782627977079,0.0,1.0
2015-07-21,0.0,0.0,0.8910170339667611,-0.004647695767654447,0.0,1.0
2015-07-22,0.0,0.0,0.8910170339667611,-0.005876426891935793,0.0,1.0
2015-07-23,0.0,0.0,0.8910170339667611,0.00880145142105615,0.0,1.0
2015-07-24,0.0,0.0,0.8910170339667611,-0.0027808209831432507,0.0,1.0
2015-07-27,0.0,0.0,0.8910170339667611,0.00046626370228963765,0.0,1.0
2015-07-28,0.0,0.0,0.8910170339667611,0.001145412367523413,0.0,1.0
2015-07-29,0.0,0.0,0.8910170339667611,-0.009247950480524736,0.0,1.0
2015-07-30,0.0,0.0,0.8910170339667611,0.008056932706175246,0.0,1.0
2015-07-31,0.0,0.0,0.8910170339667611,-0.009315143361064315,0.0,1.0
2015-08-03,0.0,0.0,0.8516779604323852,0.0009268049635116071,0.0,1.0
2015-08-04,0.0,0.0,0.8516779604323852,-0.0012648651429909563,0.0,1.0
2015-08-05,0.0,0.0,0.8516779604323852,0.002605632199380814,0.0,1.0
2015-08-06,0.0,0.0,0.8516779604323852,0.006559769859196152,0.0,1.0
2015-08-07,0.0,0.0,0.8516779604323852,0.006241329889887126,0.0,1.0
2015-08-10,0.0,0.0,0.8516779604323852,0.006332053208372379,0.0,1.0
2015-08-11,0.0,0.0,0.8516779604323852,0.013238936241876331,0.0,1.0
2015-08-12,0.0,0.0,0.8516779604323852,-0.009761089329805017,0.0,1.0
2015-08-13,0.0,0.0,0.8516779604323852,-0.0004694414288524129,0.0,1.0
2015-08-14,0.0,0.0,0.8516779604323852,0.005714213696514925,0.0,1.0
2015-08-17,0.0,0.0,0.8516779604323852,0.00010457378483419433,0.0,1.0
2015-08-18,0.0,0.0,0.8516779604323852,0.013136456222266446,0.0,1.0
2015-08-19,0.0,0.0,0.8516779604323852,0.015929514777481835,0.0,1.0
2015-08-20,0.0,0.0,0.8516779604323852,0.0076718367643415775,0.0,1.0
2015-08-21,0.0,0.0,0.8516779604323852,-0.008470467277087224,0.0,1.0
2015-08-24,0.0,0.0,0.8516779604323852,-0.010285321509012846,0.0,1.0
2015-08-25,0.0,0.0,0.8516779604323852,-0.013683621928072931,0.0,1.0
2015-08-26,0.0,0.0,0.8516779604323852,0.0007970770513994196,0.0,1.0
2015-08-27,0.0,0.0,0.8516779604323852,0.008461082860200086,0.0,1.0
2015-08-28,0.0,0.0,0.8516779604323852,0.0003480127406492173,0.0,1.0
2015-08-31,0.0,0.0,0.8516779604323852,0.0031573693090116706,0.0,1.0
2015-09-01,0.0,0.0,0.7063847825360218,-0.0034788949555641935,0.0,1.0
2015-09-02,0.0,0.0,0.7063847825360218,-0.00918610877389714,0.0,1.0
2015-09-03,0.0,0.0,0.7063847825360218,-0.0008547253832302815,0.0,1.0
2015-09-04,0.0,0.0,0.7063847825360218,-0.0023508292177307766,0.0,1.0
2015-09-07,0.0,0.0,0.7063847825360218,0.0014327112804757292,0.0,1.0
2015-09-08,0.0,0.0,0.7063847825360218,-0.013067555642094497,0.0,1.0
2015-09-09,0.0,0.0,0.7063847825360218,0.0033047953536007313,0.0,1.0
2015-09-10,0.0,0.0,0.7063847825360218,-0.0025771975375086242,0.0,1.0
2015-09-11,0.0,0.0,0.7063847825360218,0.000825472667004945,0.0,1.0
2015-09-14,0.0,0.0,0.7063847825360218,-0.0017645844270814948,0.0,1.0
2015-09-15,0.0,0.0,0.7063847825360218,0.011861270978042349,0.0,1.0
2015-09-16,0.0,0.0,0.7063847825360218,0.011087731034412407,0.0,1.0
2015-09-17,0.0,0.0,0.7063847825360218,0.004373581722043163,0.0,1.0
2015-09-18,0.0,0.0,0.7063847825360218,-0.003246482375642401,0.0,1.0
2015-09-21,0.0,0.0,0.7063847825360218,-0.00909824489044464,0.0,1.0
2015-09-22,0.0,0.0,0.7063847825360218,0.00686174784029614,0.0,1.0
2015-09-23,0.0,0.0,0.7063847825360218,0.016594164397337963,0.0,1.0
2015-09-24,0.0,0.0,0.7063847825360218,-0.0035881017738290666,0.0,1.0
2015-09-25,0.0,0.0,0.7063847825360218,-0.011763879292304047,0.0,1.0
2015-09-28,0.0,0.0,0.7063847825360218,-0.006813769396009306,0.0,1.0
2015-09-29,0.0,0.0,0.7063847825360218,-0.010420515000758357,0.0,1.0
2015-09-30,0.0,0.0,0.7063847825360218,-0.0011728708579568092,0.0,1.0
2015-10-01,0.0,0.0,0.6789895643175401,0.006477089836072203,0.0,1.0
2015-10-02,0.0,0.0,0.6789895643175401,0.014416446595857835,0.0,1.0
2015-10-05,0.0,0.0,0.6789895643175401,0.010095539336036907,0.0,1.0
2015-10-06,0.0,0.0,0.6789895643175401,-0.0004951870321470153,0.0,1.0
2015-10-07,0.0,0.0,0.6789895643175401,-0.007784967884314931,0.0,1.0
2015-10-08,0.0,0.0,0.6789895643175401,0.018222248814807607,0.0,1.0
2015-10-09,0.0,0.0,0.6789895643175401,0.003407876020559364,0.0,1.0
2015-10-12,0.0,0.0,0.6789895643175401,0.0029237761298626097,0.0,1.0
2015-10-13,0.0,0.0,0.6789895643175401,0.0166053090453806,0.0,1.0
2015-10-14,0.0,0.0,0.6789895643175401,-0.00473504206550146,0.0,1.0
2015-10-15,0.0,0.0,0.6789895643175401,-0.0030121176820596673,0.0,1.0
2015-10-16,0.0,0.0,0.6789895643175401,-0.00422452423489883,0.0,1.0
2015-10-19,0.0,0.0,0.6789895643175401,0.003688320478507201,0.0,1.0
2015-10-20,0.0,0.0,0.6789895643175401,-0.00938950480494416,0.0,1.0
2015-10-21,0.0,0.0,0.6789895643175401,-0.0002998361271782102,0.0,1.0
2015-10-22,0.0,0.0,0.6789895643175401,-0.0012880710375045012,0.0,1.0
2015-10-23,0.0,0.0,0.6789895643175401,-0.00030369082390624413,0.0,1.0
2015-10-26,0.0,0.0,0.6789895643175401,0.0018487918015290816,0.0,1.0
2015-10-27,0.0,0.0,0.6789895643175401,-0.005634353263464398,0.0,1.0
2015-10-28,0.0,0.0,0.6789895643175401,-0.009875529692076057,0.0,1.0
2015-10-29,0.0,0.0,0.6789895643175401,-0.006359582305593747,0.0,1.0
2015-10-30,0.0,0.0,0.6789895643175401,-0.004807905753381192,0.0,1.0
2015-11-02,0.0,0.0,0.6259119290153594,-0.014546454426589861,0.0,1.0
2015-11-03,0.0,0.0,0.6259119290153594,-0.01027341425927375,0.0,1.0
2015-11-04,0.0,0.0,0.6259119290153594,-0.004186694508406141,0.0,1.0
2015-11-05,0.0,0.0,0.6259119290153594,-0.012678098516149205,0.0,1.0
2015-11-06,0.0,0.0,0.6259119290153594,0.005420698947703251,0.0,1.0
2015-11-09,0.0,0.0,0.6259119290153594,-0.005038219177167846,0.0,1.0
2015-11-10,0.0,0.0,0.6259119290153594,-0.002417405457847188,0.0,1.0
2015-11-11,0.0,0.0,0.6259119290153594,0.0002018150385474371,0.0,1.0
2015-11-12,0.0,0.0,0.6259119290153594,-0.0016941090784747814,0.0,1.0
2015-11-13,0.0,0.0,0.6259119290153594,-0.0002465694808169161,0.0,1.0
2015-11-16,0.0,0.0,0.6259119290153594,-0.01124448506526221,0.0,1.0
2015-11-17,0.0,0.0,0.6259119290153594,0.00024954072403193805,0.0,1.0
2015-11-18,0.0,0.0,0.6259119290153594,0.010672391196005826,0.0,1.0
2015-11-19,0.0,0.0,0.6259119290153594,-0.006186623617025155,0.0,1.0
2015-11-20,0.0,0.0,0.6259119290153594,-0.010575343500216938,0.0,1.0
2015-11-23,0.0,0.0,0.6259119290153594,0.008873629703568753,0.0,1.0
2015-11-24,0.0,0.0,0.6259119290153594,-0.002527401674949914,0.0,1.0
2015-11-25,0.0,0.0,0.6259119290153594,0.0006268060379115425,0.0,1.0
2015-11-26,0.0,0.0,0.6259119290153594,-0.016626883575360907,0.0,1.0
2015-11-27,0.0,0.0,0.6259119290153594,0.008118351863327433,0.0,1.0
2015-11-30,0.0,0.0,0.6259119290153594,0.0030103845495164094,0.0,1.0
2015-12-01,0.0,0.0,0.44142113055342036,-0.013439206573031548,0.0,1.0
2015-12-02,0.0,0.0,0.44142113055342036,0.006309771202142045,0.0,1.0
2015-12-03,0.0,0.0,0.44142113055342036,0.02528203876273416,0.0,1.0
2015-12-04,0.0,0.0,0.44142113055342036,-0.01359941423599853,0.0,1.0
2015-12-07,0.0,0.0,0.44142113055342036,0.0025973386686812816,0.0,1.0
2015-12-08,0.0,0.0,0.44142113055342036,-0.0011822764944691144,0.0,1.0
2015-12-09,0.0,0.0,0.44142113055342036,-0.0010563976944357734,0.0,1.0
2015-12-10,0.0,0.0,0.44142113055342036,0.001763393331255081,0.0,1.0
2015-12-11,0.0,0.0,0.44142113055342036,-0.010308258790716174,0.0,1.0
2015-12-14,0.0,0.0,0.44142113055342036,-0.0026507924964782603,0.0,1.0
2015-12-15,0.0,0.0,0.44142113055342036,0.010922555802727274,0.0,1.0
2015-12-16,0.0,0.0,0.44142113055342036,-0.020273200132929325,0.0,1.0
2015-12-17,0.0,0.0,0.44142113055342036,0.013716558744470753,0.0,1.0
2015-12-18,0.0,0.0,0.44142113055342036,0.011665231780940921,0.0,1.0
2015-12-21,0.0,0.0,0.44142113055342036,-0.0040435829801710454,0.0,1.0
2015-12-22,0.0,0.0,0.44142113055342036,-0.00254481062822709,0.0,1.0
2015-12-23,0.0,0.0,0.44142113055342036,0.004425215779117586,0.0,1.0
2015-12-24,0.0,0.0,0.44142113055342036,0.00011471235033422289,0.0,1.0
2015-12-25,0.0,0.0,0.44142113055342036,-0.00873099085274287,0.0,1.0
2015-12-28,0.0,0.0,0.44142113055342036,0.00016526328585975136,0.0,1.0
2015-12-29,0.0,0.0,0.44142113055342036,-0.003894783773452204,0.0,1.0
2015-12-30,0.0,0.0,0.44142113055342036,-0.0006418649951740463,0.0,1.0
2015-12-31,0.0,0.0,0.44142113055342036,-0.00021074669848886174,0.0,1.0
2016-01-01,0.0,0.0,0.358512650812022,0.012224341370919767,0.0,1.0
2016-01-04,0.0,0.0,0.358512650812022,0.0021717482606709027,0.0,1.0
2016-01-05,0.0,0.0,0.358512650812022,0.017543490730251854,0.0,1.0
2016-01-06,0.0,0.0,0.358512650812022,0.012568207133060838,0.0,1.0
2016-01-07,0.0,0.0,0.358512650812022,-0.0067445608426304204,0.0,1.0
2016-01-08,0.0,0.0,0.358512650812022,-0.006505554284801818,0.0,1.0
2016-01-11,0.0,0.0,0.358512650812022,-0.007475481442114074,0.0,1.0
2016-01-12,0.0,0.0,0.358512650812022,0.008524600313684516,0.0,1.0
2016-01-13,0.0,0.0,0.358512650812022,-0.017626092729489784,0.0,1.0
2016-01-14,0.0,0.0,0.358512650812022,0.010454747733560588,0.0,1.0
2016-01-15,0.0,0.0,0.358512650812022,-0.0007589355376298457,0.0,1.0
2016-01-18,0.0,0.0,0.358512650812022,-0.0020240334507350966,0.0,1.0
2016-01-19,0.0,0.0,0.358512650812022,0.016826039813069293,0.0,1.0
2016-01-20,0.0,0.0,0.358512650812022,-0.002209856875495575,0.0,1.0
2016-01-21,0.0,0.0,0.358512650812022,-0.0030164386460471704,0.0,1.0
2016-01-22,0.0,0.0,0.358512650812022,0.010122111348311869,0.0,1.0
2016-01-25,0.0,0.0,0.358512650812022,0.01062352764799357,0.0,1.0
2016-01-26,0.0,0.0,0.358512650812022,0.0027999663115183537,0.0,1.0
2016-01-27,0.0,0.0,0.358512650812022,-0.00814713201534989,0.0,1.0
2016-01-28,0.0,0.0,0.358512650812022,0.00440566440948853,0.0,1.0
2016-01-29,0.0,0.0,0.358512650812022,0.006208348385636775,0.0,1.0
2016-02-01,0.0,0.0,0.3978656633194932,7.373144771971596e-05,0.0,1.0
2016-02-02,0.0,0.0,0.3978656633194932,0.01179620350209909,0.0,1.0
2016-02-03,0.0,0.0,0.3978656633194932,0.012707769007733738,0.0,1.0
2016-02-04,0.0,0.0,0.3978656633194932,0.016781553543857797,0.0,1.0
2016-02-05,0.0,0.0,0.3978656633194932,0.013005300611346193,0.0,1.0
2016-02-08,0.0,0.0,0.3978656633194932,-0.0006443986241793098,0.0,1.0
2016-02-09,0.0,0.0,0.3978656633194932,0.008790233658843682,0.0,1.0
2016-02-10,0.0,0.0,0.3978656633194932,0.03939493944559658,0.0,1.0
2016-02-11,0.0,0.0,0.3978656633194932,-0.00900027436815165,0.0,1.0
2016-02-12,0.0,0.0,0.3978656633194932,-0.02320310781667434,0.0,1.0
2016-02-15,0.0,0.0,0.3978656633194932,-0.006397906269563158,0.0,1.0
2016-02-16,0.0,0.0,0.3978656633194932,0.005645279351624843,0.0,1.0
2016-02-17,0.0,0.0,0.3978656633194932,0.020768326929748504,0.0,1.0
2016-02-18,0.0,0.0,0.3978656633194932,-0.006037079492827502,0.0,1.0
2016-02-19,0.0,0.0,0.3978656633194932,-0.01564593773654721,0.0,1.0
2016-02-22,0.0,0.0,0.3978656633194932,0.01891954648215055,0.0,1.0
2016-02-23,0.0,0.0,0.3978656633194932,0.0013366844943467626,0.0,1.0
2016-02-24,0.0,0.0,0.3978656633194932,0.0022568026809066666,0.0,1.0
2016-02-25,0.0,0.0,0.3978656633194932,-0.01001991870668828,0.0,1.0
2016-02-26,0.0,0.0,0.3978656633194932,0.012610347463442473,0.0,1.0
2016-02-29,0.0,0.0,0.3978656633194932,-0.003444812739319403,0.0,1.0
2016-03-01,0.0,0.0,0.9310471998999887,0.0046415795337404475,0.0,1.0
2016-03-02,0.0,0.0,0.9310471998999887,0.02230621243973907,0.0,1.0
2016-03-03,0.0,0.0,0.9310471998999887,-0.004494592778438999,0.0,1.0
2016-03-04,0.0,0.0,0.9310471998999887,0.004626127651665257,0.0,1.0
2016-03-07,0.0,0.0,0.9310471998999887,-0.0035584281562286435,0.0,1.0
2016-03-08,0.0,0.0,0.9310471998999887,-0.008028048949566546,0.0,1.0
2016-03-09,0.0,0.0,0.9310471998999887,0.01582331974725637,0.0,1.0
2016-03-10,0.0,0.0,0.9310471998999887,-0.019313592844114602,0.0,1.0
2016-03-11,0.0,0.0,0.9310471998999887,-0.01015255232108725,0.0,1.0
2016-03-14,0.0,0.0,0.9310471998999887,-0.0016066499314559834,0.0,1.0
2016-03-15,0.0,0.0,0.9310471998999887,0.023803523992794062,0.0,1.0
2016-03-16,0.0,0.0,0.9310471998999887,-0.0014704436240933205,0.0,1.0
2016-03-17,0.0,0.0,0.9310471998999887,-0.006335609019274102,0.0,1.0
2016-03-18,0.0,0.0,0.9310471998999887,-0.005723414359433576,0.0,1.0
2016-03-21,0.0,0.0,0.9310471998999887,0.002301148735480929,0.0,1.0
2016-03-22,0.0,0.0,0.9310471998999887,-0.02243858777761254,0.0,1.0
2016-03-23,0.0,0.0,0.9310471998999887,-0.0028175798106673255,0.0,1.0
2016-03-24,0.0,0.0,0.9310471998999887,-2.469354473522145e-05,0.0,1.0
2016-03-25,0.0,0.0,0.9310471998999887,0.0022608595009252497,0.0,1.0
2016-03-28,0.0,0.0,0.9310471998999887,0.015349833522700251,0.0,1.0
2016-03-29,0.0,0.0,0.9310471998999887,-0.012889267704622398,0.0,1.0
2016-03-30,0.0,0.0,0.9310471998999887,0.007765223251564812,0.0,1.0
2016-03-31,0.0,0.0,0.9310471998999887,-0.009217159149143228,0.0,1.0
2016-04-01,0.0,0.0,0.7879172667695465,-0.0036677500341593117,0.0,1.0
2016-04-04,0.0,0.0,0.7879172667695465,0.011927553248172629,0.0,1.0
2016-04-05,0.0,0.0,0.7879172667695465,-0.008127120424567202,0.0,1.0
2016-04-06,0.0,0.0,0.7879172667695465,0.013803694578144565,0.0,1.0
2016-04-07,0.0,0.0,0.7879172667695465,-7.515743962294152e-05,0.0,1.0
2016-04-08,0.0,0.0,0.7879172667695465,0.017384099654742968,0.0,1.0
2016-04-11,0.0,0.0,0.7879172667695465,-0.004927714674685113,0.0,1.0
2016-04-12,0.0,0.0,0.7879172667695465,-0.0075797945517122045,0.0,1.0
2016-04-13,0.0,0.0,0.7879172667695465,-0.011682909761824511,0.0,1.0
2016-04-14,0.0,0.0,0.7879172667695465,0.004270366294655048,0.0,1.0
2016-04-15,0.0,0.0,0.7879172667695465,-0.0023248122964325546,0.0,1.0
2016-04-18,0.0,0.0,0.7879172667695465,0.014196098702435656,0.0,1.0
2016-04-19,0.0,0.0,0.7879172667695465,-0.0032760081907099448,0.0,1.0
2016-04-20,0.0,0.0,0.7879172667695465,0.002838254578109378,0.0,1.0
2016-04-21,0.0,0.0,0.7879172667695465,-0.014989548423698373,0.0,1.0
2016-04-22,0.0,0.0,0.7879172667695465,0.004592255349872509,0.0,1.0
2016-04-25,0.0,0.0,0.7879172667695465,0.006538062356209018,0.0,1.0
2016-04-26,0.0,0.0,0.7879172667695465,0.0016647587152700538,0.0,1.0
2016-04-27,0.0,0.0,0.7879172667695465,0.015252064798525922,0.0,1.0
2016-04-28,0.0,0.0,0.7879172667695465,0.019024806081904266,0.0,1.0
2016-04-29,0.0,0.0,0.7879172667695465,0.002891080485249553,0.0,1.0
2016-05-02,0.0,0.0,0.6952931037236669,-0.007468185165508068,0.0,1.0
2016-05-03,0.0,0.0,0.6952931037236669,-0.00254259570401949,0.0,1.0
2016-05-04,0.0,0.0,0.6952931037236669,-0.0018717033970796493,0.0,1.0
2016-05-05,0.0,0.0,0.6952931037236669,0.0059696338309835895,0.0,1.0
2016-05-06,0.0,0.0,0.6952931037236669,-0.017326244507033017,0.0,1.0
2016-05-09,0.0,0.0,0.6952931037236669,0.0015131503005862967,0.0,1.0
2016-05-10,0.0,0.0,0.6952931037236669,0.009752054291908507,0.0,1.0
2016-05-11,0.0,0.0,0.6952931037236669,-0.010725362861824905,0.0,1.0
2016-05-12,0.0,0.0,0.6952931037236669,0.006036714426596923,0.0,1.0
2016-05-13,0.0,0.0,0.6952931037236669,0.0034675644902995018,0.0,1.0
2016-05-16,0.0,0.0,0.6952931037236669,0.0033120411795630744,0.0,1.0
2016-05-17,0.0,0.0,0.6952931037236669,-0.015670562869248172,0.0,1.0
2016-05-18,0.0,0.0,0.6952931037236669,-0.006248663127765397,0.0,1.0
2016-05-19,0.0,0.0,0.6952931037236669,-0.0020430848463233175,0.0,1.0
2016-05-20,0.0,0.0,0.6952931037236669,-0.001120219112656251,0.0,1.0
2016-05-23,0.0,0.0,0.6952931037236669,-0.015850851273718547,0.0,1.0
2016-05-24,0.0,0.0,0.6952931037236669,-0.0062575866770586686,0.0,1.0
2016-05-25,0.0,0.0,0.6952931037236669,-0.0021161127686122327,0.0,1.0
2016-05-26,0.0,0.0,0.6952931037236669,-0.005327705121910498,0.0,1.0
2016-05-27,0.0,0.0,0.6952931037236669,-0.005748712980374826,0.0,1.0
2016-05-30,0.0,0.0,0.6952931037236669,0.008269128722729668,0.0,1.0
2016-05-31,0.0,0.0,0.6952931037236669,-0.0008327222216815144,0.0,1.0
2016-06-01,0.0,0.0,0.6758731261017951,-0.00617877479938489,0.0,1.0
2016-06-02,0.0,0.0,0.6758731261017951,0.031201526491911658,0.0,1.0
2016-06-03,0.0,0.0,0.6758731261017951,0.00041423367757520424,0.0,1.0
2016-06-06,0.0,0.0,0.6758731261017951,-0.0006021556606343736,0.0,1.0
2016-06-07,0.0,0.0,0.6758731261017951,0.014096229295493146,0.0,1.0
2016-06-08,0.0,0.0,0.6758731261017951,0.0034376856727726945,0.0,1.0
2016-06-09,0.0,0.0,0.6758731261017951,0.0067171786073325634,0.0,1.0
2016-06-10,0.0,0.0,0.6758731261017951,0.0051285414339918844,0.0,1.0
2016-06-13,0.0,0.0,0.6758731261017951,0.0011111085309982727,0.0,1.0
2016-06-14,0.0,0.0,0.6758731261017951,0.007478579947445496,0.0,1.0
2016-06-15,0.0,0.0,0.6758731261017951,-0.010120673120812995,0.0,1.0
2016-06-16,0.0,0.0,0.6758731261017951,0.013679227730170496,0.0,1.0
2016-06-17,0.0,0.0,0.6758731261017951,-0.009071286289101366,0.0,1.0
2016-06-20,0.0,0.0,0.6758731261017951,-0.015012002508716371,0.0,1.0
2016-06-21,0.0,0.0,0.6758731261017951,-0.0022535820540694473,0.0,1.0
2016-06-22,0.0,0.0,0.6758731261017951,-0.00848370228198636,0.0,1.0
2016-06-23,0.0,0.0,0.6758731261017951,0.05233564514195965,0.0,1.0
2016-06-24,0.0,0.0,0.6758731261017951,0.004243989067363785,0.0,1.0
2016-06-27,0.0,0.0,0.6758731261017951,-0.010371140401928436,0.0,1.0
2016-06-28,0.0,0.0,0.6758731261017951,0.002498315237581039,0.0,1.0
2016-06-29,0.0,0.0,0.6758731261017951,0.0025824354682795203,0.0,1.0
2016-06-30,0.0,0.0,0.6758731261017951,0.019259318557285354,0.0,1.0
2016-07-01,0.0,0.0,0.6357487358921777,0.003003390045951626,0.0,1.0
2016-07-04,0.0,0.0,0.6357487358921777,0.0033303974994556285,0.0,1.0
2016-07-05,0.0,0.0,0.6357487358921777,0.00826402151253447,0.0,1.0
2016-07-06,0.0,0.0,0.6357487358921777,-0.001721265571481112,0.0,1.0
2016-07-07,0.0,0.0,0.6357487358921777,0.003111086262913787,0.0,1.0
2016-07-08,0.0,0.0,0.6357487358921777,-0.010762564461215263,0.0,1.0
2016-07-11,0.0,0.0,0.6357487358921777,-0.015697216729852137,0.0,1.0
2016-07-12,0.0,0.0,0.6357487358921777,0.01240284345379905,0.0,1.0
2016-07-13,0.0,0.0,0.6357487358921777,-0.010873858786898616,0.0,1.0
2016-07-14,0.0,0.0,0.6357487358921777,-0.0006486622995041103,0.0,1.0
2016-07-15,0.0,0.0,0.6357487358921777,-0.002263171886054849,0.0,1.0
2016-07-18,0.0,0.0,0.6357487358921777,0.0017250562003559011,0.0,1.0
2016-07-19,0.0,0.0,0.6357487358921777,-0.01334738279139458,0.0,1.0
2016-07-20,0.0,0.0,0.6357487358921777,0.013089314187417322,0.0,1.0
2016-07-21,0.0,0.0,0.6357487358921777,-0.008813384735174346,0.0,1.0
2016-07-22,0.0,0.0,0.6357487358921777,-0.003051814545447229,0.0,1.0
2016-07-25,0.0,0.0,0.6357487358921777,0.0020649568963690967,0.0,1.0
2016-07-26,0.0,0.0,0.6357487358921777,0.010640722526712665,0.0,1.0
2016-07-27,0.0,0.0,0.6357487358921777,-0.0009807006700262022,0.0,1.0
2016-07-28,0.0,0.0,0.6357487358921777,0.008193496738519102,0.0,1.0
2016-07-29,0.0,0.0,0.6357487358921777,0.006842540984240308,0.0,1.0
2016-08-01,0.0,0.0,0.6962362164456186,0.009786541996200881,0.0,1.0
2016-08-02,0.0,0.0,0.6962362164456186,-0.007290617998308768,0.0,1.0
2016-08-03,0.0,0.0,0.6962362164456186,0.00216456548514099,0.0,1.0
2016-08-04,0.0,0.0,0.6962362164456186,-0.017346968430002718,0.0,1.0
2016-08-05,0.0,0.0,0.6962362164456186,-0.0006646871997713077,0.0,1.0
2016-08-08,0.0,0.0,0.6962362164456186,0.005533946065702899,0.0,1.0
2016-08-09,0.0,0.0,0.6962362164456186,0.0034948846517961485,0.0,1.0
2016-08-10,0.0,0.0,0.6962362164456186,-0.00709669462914686,0.0,1.0
2016-08-11,0.0,0.0,0.6962362164456186,-0.001780030218343498,0.0,1.0
2016-08-12,0.0,0.0,0.6962362164456186,0.0028008279350206777,0.0,1.0
2016-08-15,0.0,0.0,0.6962362164456186,0.006607884149039123,0.0,1.0
2016-08-16,0.0,0.0,0.6962362164456186,0.0015305959068872,0.0,1.0
2016-08-17,0.0,0.0,0.6962362164456186,0.0018889550311467218,0.0,1.0
2016-08-18,0.0,0.0,0.6962362164456186,-0.004833593335150432,0.0,1.0
2016-08-19,0.0,0.0,0.6962362164456186,-0.005830097233393339,0.0,1.0
2016-08-22,0.0,0.0,0.6962362164456186,-0.00020678928457407153,0.0,1.0
2016-08-23,0.0,0.0,0.6962362164456186,-0.008667920395536655,0.0,1.0
2016-08-24,0.0,0.0,0.6962362164456186,-0.0035155749854132168,0.0,1.0
2016-08-25,0.0,0.0,0.6962362164456186,-0.00014989813690480247,0.0,1.0
2016-08-26,0.0,0.0,0.6962362164456186,0.001372372139712752,0.0,1.0
2016-08-29,0.0,0.0,0.6962362164456186,-0.004093859109152831,0.0,1.0
2016-08-30,0.0,0.0,0.6962362164456186,-0.0007383706882082564,0.0,1.0
2016-08-31,0.0,0.0,0.6962362164456186,0.0016157681186852457,0.0,1.0
2016-09-01,0.0,0.0,0.7485346861943851,0.005182159804371089,0.0,1.0
2016-09-02,0.0,0.0,0.7485346861943851,0.0005637230220916223,0.0,1.0
2016-09-05,0.0,0.0,0.7485346861943851,0.009044533581209713,0.0,1.0
2016-09-06,0.0,0.0,0.7485346861943851,-0.001349362592327985,0.0,1.0
2016-09-07,0.0,0.0,0.7485346861943851,-0.0039288852543393205,0.0,1.0
2016-09-08,0.0,0.0,0.7485346861943851,-0.0033056477308734955,0.0,1.0
2016-09-09,0.0,0.0,0.7485346861943851,-5.147991913911909e-05,0.0,1.0
2016-09-12,0.0,0.0,0.7485346861943851,-0.004296035713060142,0.0,1.0
2016-09-13,0.0,0.0,0.7485346861943851,0.0012277555643125382,0.0,1.0
2016-09-14,0.0,0.0,0.7485346861943851,-0.002844570555322612,0.0,1.0
2016-09-15,0.0,0.0,0.7485346861943851,-0.0014941883800281275,0.0,1.0
2016-09-16,0.0,0.0,0.7485346861943851,0.001183935115989243,0.0,1.0
2016-09-19,0.0,0.0,0.7485346861943851,0.0004654654708948769,0.0,1.0
2016-09-20,0.0,0.0,0.7485346861943851,0.008512277567450433,0.0,1.0
2016-09-21,0.0,0.0,0.7485346861943851,0.0003028457602329837,0.0,1.0
2016-09-22,0.0,0.0,0.7485346861943851,0.00015612971248124552,0.0,1.0
2016-09-23,0.0,0.0,0.7485346861943851,3.799658496106417e-05,0.0,1.0
2016-09-26,0.0,0.0,0.7485346861943851,-0.0034574284533768207,0.0,1.0
2016-09-27,0.0,0.0,0.7485346861943851,-0.00322550310187264,0.0,1.0
2016-09-28,0.0,0.0,0.7485346861943851,-0.000412479240510244,0.0,1.0
2016-09-29,0.0,0.0,0.7485346861943851,-0.0015869245860162806,0.0,1.0
2016-09-30,0.0,0.0,0.7485346861943851,-0.0013974071909448327,0.0,1.0
2016-10-03,0.0,0.0,0.7389991504634844,-0.019548680186816547,0.0,1.0
2016-10-04,0.0,0.0,0.7389991504634844,-0.0004122932652412814,0.0,1.0
2016-10-05,0.0,0.0,0.7389991504634844,-0.01207035541953605,0.0,1.0
2016-10-06,0.0,0.0,0.7389991504634844,0.0009460724236269868,0.0,1.0
2016-10-07,0.0,0.0,0.7389991504634844,0.0031457111225625667,0.0,1.0
2016-10-10,0.0,0.0,0.7389991504634844,-0.004391729965772306,0.0,1.0
2016-10-11,0.0,0.0,0.7389991504634844,0.00040372590951687215,0.0,1.0
2016-10-12,0.0,0.0,0.7389991504634844,0.0011697138657345008,0.0,1.0
2016-10-13,0.0,0.0,0.7389991504634844,-0.00288772251605085,0.0,1.0
2016-10-14,0.0,0.0,0.7389991504634844,0.002010780880599583,0.0,1.0
2016-10-17,0.0,0.0,0.7389991504634844,0.0050245734439196,0.0,1.0
2016-10-18,0.0,0.0,0.7389991504634844,0.002726009728888812,0.0,1.0
2016-10-19,0.0,0.0,0.7389991504634844,-0.0013921665235523406,0.0,1.0
2016-10-20,0.0,0.0,0.7389991504634844,0.00026147038834078984,0.0,1.0
2016-10-21,0.0,0.0,0.7389991504634844,-0.0010177559403086178,0.0,1.0
2016-10-24,0.0,0.0,0.7389991504634844,0.01002903034669611,0.0,1.0
2016-10-25,0.0,0.0,0.7389991504634844,-0.004090496461726545,0.0,1.0
2016-10-26,0.0,0.0,0.7389991504634844,0.000577195069882741,0.0,1.0
2016-10-27,0.0,0.0,0.7389991504634844,0.004208025513628755,0.0,1.0
2016-10-28,0.0,0.0,0.7389991504634844,0.0003894638739119216,0.0,1.0
2016-10-31,0.0,0.0,0.7389991504634844,0.0038374913783734144,0.0,1.0
2016-11-01,0.0,0.0,0.7445328253648069,0.0046489206647617465,0.0,1.0
2016-11-02,0.0,0.0,0.7445328253648069,0.0019879465983967393,0.0,1.0
2016-11-03,0.0,0.0,0.7445328253648069,0.0003078592895757737,0.0,1.0
2016-11-04,0.0,0.0,0.7445328253648069,-0.009159626296018963,0.0,1.0
2016-11-07,0.0,0.0,0.7445328253648069,-0.0038605442484982433,0.0,1.0
2016-11-08,0.0,0.0,0.7445328253648069,0.0022849270560127977,0.0,1.0
2016-11-09,0.0,0.0,0.7445328253648069,-0.007616900387937164,0.0,1.0
2016-11-10,0.0,0.0,0.7445328253648069,-0.023224338733480288,0.0,1.0
2016-11-11,0.0,0.0,0.7445328253648069,-0.004108322921795526,0.0,1.0
2016-11-14,0.0,0.0,0.7445328253648069,-0.01976789570118953,0.0,1.0
2016-11-15,0.0,0.0,0.7445328253648069,-0.002955353506655989,0.0,1.0
2016-11-16,0.0,0.0,0.7445328253648069,-0.0070947493885586965,0.0,1.0
2016-11-17,0.0,0.0,0.7445328253648069,-0.007226727069266303,0.0,1.0
2016-11-18,0.0,0.0,0.7445328253648069,0.00694203890303946,0.0,1.0
2016-11-21,0.0,0.0,0.7445328253648069,-0.0020623483128598963,0.0,1.0
2016-11-22,0.0,0.0,0.7445328253648069,-0.020401881770518493,0.0,1.0
2016-11-23,0.0,0.0,0.7445328253648069,-0.0024961587016996134,0.0,1.0
2016-11-24,0.0,0.0,0.7445328253648069,-0.0008213450700038649,0.0,1.0
2016-11-25,0.0,0.0,0.7445328253648069,0.007114327017316846,0.0,1.0
2016-11-28,0.0,0.0,0.7445328253648069,-0.0036902562743286182,0.0,1.0
2016-11-29,0.0,0.0,0.7445328253648069,-0.013441104746449106,0.0,1.0
2016-11-30,0.0,0.0,0.7445328253648069,2.596725836934155e-05,0.0,1.0
2016-12-01,0.0,0.0,0.46171572076811274,0.003420584702522156,0.0,1.0
2016-12-02,0.0,0.0,0.46171572076811274,-0.005281323244775926,0.0,1.0
2016-12-05,0.0,0.0,0.46171572076811274,-0.00020471681173450662,0.0,1.0
2016-12-06,0.0,0.0,0.46171572076811274,0.0035115317566214443,0.0,1.0
2016-12-07,0.0,0.0,0.46171572076811274,-0.002770202497996088,0.0,1.0
2016-12-08,0.0,0.0,0.46171572076811274,-0.010144854338246745,0.0,1.0
2016-12-09,0.0,0.0,0.46171572076811274,0.002406695860257102,0.0,1.0
2016-12-12,0.0,0.0,0.46171572076811274,-0.0029761155949374896,0.0,1.0
2016-12-13,0.0,0.0,0.46171572076811274,-0.014722398952371485,0.0,1.0
2016-12-14,0.0,0.0,0.46171572076811274,-0.013182195437331679,0.0,1.0
2016-12-15,0.0,0.0,0.46171572076811274,0.006739188718151823,0.0,1.0
2016-12-16,0.0,0.0,0.46171572076811274,0.003435614012468946,0.0,1.0
2016-12-19,0.0,0.0,0.46171572076811274,-0.005859820517813752,0.0,1.0
2016-12-20,0.0,0.0,0.46171572076811274,-0.0007523848929551491,0.0,1.0
2016-12-21,0.0,0.0,0.46171572076811274,-0.002256375829797541,0.0,1.0
2016-12-22,0.0,0.0,0.46171572076811274,0.004361182374736039,0.0,1.0
2016-12-23,0.0,0.0,0.46171572076811274,-3.0098847792814354e-05,0.0,1.0
2016-12-26,0.0,0.0,0.46171572076811274,0.004817103019948199,0.0,1.0
2016-12-27,0.0,0.0,0.46171572076811274,0.002924177603989442,0.0,1.0
2016-12-28,0.0,0.0,0.46171572076811274,0.01487718942798466,0.0,1.0
2016-12-29,0.0,0.0,0.46171572076811274,-0.006527459184531459,0.0,1.0
2016-12-30,0.0,0.0,0.46171572076811274,-0.0012653455608147013,0.0,1.0
2017-01-02,0.0,0.0,0.4230786572826459,0.006337568929184023,0.0,1.0
2017-01-03,0.0,0.0,0.4230786572826459,0.005843673828306528,0.0,1.0
2017-01-04,0.0,0.0,0.4230786572826459,0.013692847691824106,0.0,1.0
2017-01-05,0.0,0.0,0.4230786572826459,-0.006949926911473447,0.0,1.0
2017-01-06,0.0,0.0,0.4230786572826459,0.008029747684593858,0.0,1.0
2017-01-09,0.0,0.0,0.4230786572826459,0.0039987553233507,0.0,1.0
2017-01-10,0.0,0.0,0.4230786572826459,0.005179234429563806,0.0,1.0
2017-01-11,0.0,0.0,0.4230786572826459,0.002658904654229133,0.0,1.0
2017-01-12,0.0,0.0,0.4230786572826459,0.0012037772375572686,0.0,1.0
2017-01-13,0.0,0.0,0.4230786572826459,0.004756033449906383,0.0,1.0
2017-01-16,0.0,0.0,0.4230786572826459,0.010290080380743305,0.0,1.0
2017-01-17,0.0,0.0,0.4230786572826459,-0.010682562183624178,0.0,1.0
2017-01-18,0.0,0.0,0.4230786572826459,0.001039423282163554,0.0,1.0
2017-01-19,0.0,0.0,0.4230786572826459,0.004824956990580276,0.0,1.0
2017-01-20,0.0,0.0,0.4230786572826459,0.006051264658793798,0.0,1.0
2017-01-23,0.0,0.0,0.4230786572826459,-0.00662003955619106,0.0,1.0
2017-01-24,0.0,0.0,0.4230786572826459,-0.0071053638100986305,0.0,1.0
2017-01-25,0.0,0.0,0.4230786572826459,-0.01030448392410932,0.0,1.0
2017-01-26,0.0,0.0,0.4230786572826459,0.0022844699271900026,0.0,1.0
2017-01-27,0.0,0.0,0.4230786572826459,0.004681145496444827,0.0,1.0
2017-01-30,0.0,0.0,0.4230786572826459,0.012469346100258072,0.0,1.0
2017-01-31,0.0,0.0,0.4230786572826459,-0.0018061802081854594,0.0,1.0
2017-02-01,0.0,0.0,0.30527831933050104,0.004888678342521935,0.0,1.0
2017-02-02,0.0,0.0,0.30527831933050104,0.00415284864588461,0.0,1.0
2017-02-03,0.0,0.0,0.30527831933050104,0.011140162823045863,0.0,1.0
2017-02-06,0.0,0.0,0.30527831933050104,-0.0012485364567371704,0.0,1.0
2017-02-07,0.0,0.0,0.30527831933050104,0.006761631911885502,0.0,1.0
2017-02-08,0.0,0.0,0.30527831933050104,-0.010321985968925418,0.0,1.0
2017-02-09,0.0,0.0,0.30527831933050104,0.00449049125338874,0.0,1.0
2017-02-10,0.0,0.0,0.30527831933050104,-0.006516968104369525,0.0,1.0
2017-02-13,0.0,0.0,0.30527831933050104,0.002321884386817352,0.0,1.0
2017-02-14,0.0,0.0,0.30527831933050104,0.003663407320896539,0.0,1.0
2017-02-15,0.0,0.0,0.30527831933050104,0.004762559256939802,0.0,1.0
2017-02-16,0.0,0.0,0.30527831933050104,-0.0031596136335991787,0.0,1.0
2017-02-17,0.0,0.0,0.30527831933050104,0.002137860710231365,0.0,1.0
2017-02-20,0.0,0.0,0.30527831933050104,-0.0019791879912753885,0.0,1.0
2017-02-21,0.0,0.0,0.30527831933050104,0.001801631597910358,0.0,1.0
2017-02-22,0.0,0.0,0.30527831933050104,0.009819941861537451,0.0,1.0
2017-02-23,0.0,0.0,0.30527831933050104,0.006078435764050205,0.0,1.0
2017-02-24,0.0,0.0,0.30527831933050104,-0.0032862896084893123,0.0,1.0
2017-02-27,0.0,0.0,0.30527831933050104,-0.005132623940533598,0.0,1.0
2017-02-28,0.0,0.0,0.30527831933050104,0.0008306308174965693,0.0,1.0
2017-03-01,0.0,0.0,0.3824880779798951,-0.010290090523234596,0.0,1.0
2017-03-02,0.0,0.0,0.3824880779798951,-0.0003284723036385273,0.0,1.0
2017-03-03,0.0,0.0,0.3824880779798951,-0.007169384809802004,0.0,1.0
2017-03-06,0.0,0.0,0.3824880779798951,-0.0077998747778798005,0.0,1.0
2017-03-07,0.0,0.0,0.3824880779798951,-0.006399976579076316,0.0,1.0
2017-03-08,0.0,0.0,0.3824880779798951,-0.006615609072117223,0.0,1.0
2017-03-09,0.0,0.0,0.3824880779798951,0.0035496409167690146,0.0,1.0
2017-03-10,0.0,0.0,0.3824880779798951,-0.001751156996063763,0.0,1.0
2017-03-13,0.0,0.0,0.3824880779798951,-0.0023620395619197154,0.0,1.0
2017-03-14,0.0,0.0,0.3824880779798951,0.016802757348227004,0.0,1.0
2017-03-15,0.0,0.0,0.3824880779798951,0.0054218737091877856,0.0,1.0
2017-03-16,0.0,0.0,0.3824880779798951,0.0020251370494595022,0.0,1.0
2017-03-17,0.0,0.0,0.3824880779798951,0.003997036037617363,0.0,1.0
2017-03-20,0.0,0.0,0.3824880779798951,0.009006687863730711,0.0,1.0
2017-03-21,0.0,0.0,0.3824880779798951,0.0017403043722543643,0.0,1.0
2017-03-22,0.0,0.0,0.3824880779798951,-0.0017346365660522167,0.0,1.0
2017-03-23,0.0,0.0,0.3824880779798951,-0.0003925558859450007,0.0,1.0
2017-03-24,0.0,0.0,0.3824880779798951,0.006822387411672182,0.0,1.0
2017-03-27,0.0,0.0,0.3824880779798951,-0.0022603946359760485,0.0,1.0
2017-03-28,0.0,0.0,0.3824880779798951,0.0016288269335733574,0.0,1.0
2017-03-29,0.0,0.0,0.3824880779798951,-0.007303134183493043,0.0,1.0
2017-03-30,0.0,0.0,0.3824880779798951,0.004250009066653071,0.0,1.0
2017-03-31,0.0,0.0,0.3824880779798951,0.004910191226501048,0.0,1.0
2017-04-03,0.0,0.0,0.3461576325137387,0.0007262868793596056,0.0,1.0
2017-04-04,0.0,0.0,0.3461576325137387,0.000994528148695828,0.0,1.0
2017-04-05,0.0,0.0,0.3461576325137387,-0.004418783368624446,0.0,1.0
2017-04-06,0.0,0.0,0.3461576325137387,0.0022068981602201276,0.0,1.0
2017-04-07,0.0,0.0,0.3461576325137387,0.001004953001709552,0.0,1.0
2017-04-10,0.0,0.0,0.3461576325137387,0.01559284866961086,0.0,1.0
2017-04-11,0.0,0.0,0.3461576325137387,0.008987319396713822,0.0,1.0
2017-04-12,0.0,0.0,0.3461576325137387,0.00043803022027866234,0.0,1.0
2017-04-13,0.0,0.0,0.3461576325137387,-0.0012357379204788188,0.0,1.0
2017-04-14,0.0,0.0,0.3461576325137387,-0.0016098121416625588,0.0,1.0
2017-04-17,0.0,0.0,0.3461576325137387,0.004191600105315274,0.0,1.0
2017-04-18,0.0,0.0,0.3461576325137387,-0.007771553361983763,0.0,1.0
2017-04-19,0.0,0.0,0.3461576325137387,0.0015228127398927427,0.0,1.0
2017-04-20,0.0,0.0,0.3461576325137387,0.0024800150800103893,0.0,1.0
2017-04-21,0.0,0.0,0.3461576325137387,-0.005952437472084071,0.0,1.0
2017-04-24,0.0,0.0,0.3461576325137387,-0.010037444655979222,0.0,1.0
2017-04-25,0.0,0.0,0.3461576325137387,0.003152141716279644,0.0,1.0
2017-04-26,0.0,0.0,0.3461576325137387,-0.002961299450576327,0.0,1.0
2017-04-27,0.0,0.0,0.3461576325137387,0.00288869314548279,0.0,1.0
2017-04-28,0.0,0.0,0.3461576325137387,-0.0089509711262723,0.0,1.0
2017-05-01,0.0,0.0,0.25963557981495694,9.228588819265582e-05,0.0,1.0
2017-05-02,0.0,0.0,0.25963557981495694,-0.014465059468352415,0.0,1.0
2017-05-03,0.0,0.0,0.25963557981495694,-0.008442201374284863,0.0,1.0
2017-05-04,0.0,0.0,0.25963557981495694,-0.00020642958246952503,0.0,1.0
2017-05-05,0.0,0.0,0.25963557981495694,-0.0008098595385437335,0.0,1.0
2017-05-08,0.0,0.0,0.25963557981495694,-0.003308696009447054,0.0,1.0
2017-05-09,0.0,0.0,0.25963557981495694,-0.0037681655915902112,0.0,1.0
2017-05-10,0.0,0.0,0.25963557981495694,0.00558280163736935,0.0,1.0
2017-05-11,0.0,0.0,0.25963557981495694,0.0028773844572134166,0.0,1.0
2017-05-12,0.0,0.0,0.25963557981495694,0.0020636766509882776,0.0,1.0
2017-05-15,0.0,0.0,0.25963557981495694,0.008203682323871142,0.0,1.0
2017-05-16,0.0,0.0,0.25963557981495694,0.01496444955033116,0.0,1.0
2017-05-17,0.0,0.0,0.25963557981495694,-0.009564794935931431,0.0,1.0
2017-05-18,0.0,0.0,0.25963557981495694,0.005703993628694448,0.0,1.0
2017-05-19,0.0,0.0,0.25963557981495694,0.005498966616538148,0.0,1.0
2017-05-22,0.0,0.0,0.25963557981495694,-0.008645477779111843,0.0,1.0
2017-05-23,0.0,0.0,0.25963557981495694,0.005442443657286411,0.0,1.0
2017-05-24,0.0,0.0,0.25963557981495694,-0.0023307570862360905,0.0,1.0
2017-05-25,0.0,0.0,0.25963557981495694,0.009498087425477308,0.0,1.0
2017-05-26,0.0,0.0,0.25963557981495694,6.0228036315557176e-05,0.0,1.0
2017-05-29,0.0,0.0,0.25963557981495694,-0.0035425228994867553,0.0,1.0
2017-05-30,0.0,0.0,0.25963557981495694,0.004762918420930795,0.0,1.0
2017-05-31,0.0,0.0,0.25963557981495694,-0.003041723974479993,0.0,1.0
2017-06-01,0.0,0.0,0.2435513233521974,0.01121595783073559,0.0,1.0
2017-06-02,0.0,0.0,0.2435513233521974,0.0008575860248196676,0.0,1.0
2017-06-05,0.0,0.0,0.2435513233521974,0.01047491363208497,0.0,1.0
2017-06-06,0.0,0.0,0.2435513233521974,-0.006212032362577169,0.0,1.0
2017-06-07,0.0,0.0,0.2435513233521974,-0.004608787803895176,0.0,1.0
2017-06-08,0.0,0.0,0.2435513233521974,-0.010213141140899218,0.0,1.0
2017-06-09,0.0,0.0,0.2435513233521974,-0.0010379567663640898,0.0,1.0
2017-06-12,0.0,0.0,0.2435513233521974,0.0010323147537354416,0.0,1.0
2017-06-13,0.0,0.0,0.2435513233521974,-0.0030638865476291244,0.0,1.0
2017-06-14,0.0,0.0,0.2435513233521974,-0.006952254963348281,0.0,1.0
2017-06-15,0.0,0.0,0.2435513233521974,-0.0005832030952062084,0.0,1.0
2017-06-16,0.0,0.0,0.2435513233521974,-0.00793354097362542,0.0,1.0
2017-06-19,0.0,0.0,0.2435513233521974,0.0007334191381875854,0.0,1.0
2017-06-20,0.0,0.0,0.2435513233521974,0.002833748202377251,0.0,1.0
2017-06-21,0.0,0.0,0.2435513233521974,0.002536574894306476,0.0,1.0
2017-06-22,0.0,0.0,0.2435513233521974,0.004350911176935313,0.0,1.0
2017-06-23,0.0,0.0,0.2435513233521974,-0.01028211684856739,0.0,1.0
2017-06-26,0.0,0.0,0.2435513233521974,0.00411121329742592,0.0,1.0
2017-06-27,0.0,0.0,0.2435513233521974,0.0006195837634317414,0.0,1.0
2017-06-28,0.0,0.0,0.2435513233521974,-0.0027128914193186304,0.0,1.0
2017-06-29,0.0,0.0,0.2435513233521974,-0.0036048300552717905,0.0,1.0
2017-06-30,0.0,0.0,0.2435513233521974,-0.015511163954479379,0.0,1.0
2017-07-03,0.0,0.0,0.26745180131265744,0.0026318967383076597,0.0,1.0
2017-07-04,0.0,0.0,0.26745180131265744,0.0007640138165623256,0.0,1.0
2017-07-05,0.0,0.0,0.26745180131265744,-0.0022458319281950523,0.0,1.0
2017-07-06,0.0,0.0,0.26745180131265744,-0.00888257039078777,0.0,1.0
2017-07-07,0.0,0.0,0.26745180131265744,0.0004939159006172034,0.0,1.0
2017-07-10,0.0,0.0,0.26745180131265744,0.0032677827700009487,0.0,1.0
2017-07-11,0.0,0.0,0.26745180131265744,0.001391297014391668,0.0,1.0
2017-07-12,0.0,0.0,0.26745180131265744,-0.0015102260036323756,0.0,1.0
2017-07-13,0.0,0.0,0.26745180131265744,0.009062647209506558,0.0,1.0
2017-07-14,0.0,0.0,0.26745180131265744,0.00380353286867674,0.0,1.0
2017-07-17,0.0,0.0,0.26745180131265744,0.007257597943875815,0.0,1.0
2017-07-18,0.0,0.0,0.26745180131265744,-0.0012052185909627866,0.0,1.0
2017-07-19,0.0,0.0,0.26745180131265744,0.0025625330369107857,0.0,1.0
2017-07-20,0.0,0.0,0.26745180131265744,0.008553674449419901,0.0,1.0
2017-07-21,0.0,0.0,0.26745180131265744,-0.0006345817080637417,0.0,1.0
2017-07-24,0.0,0.0,0.26745180131265744,-0.005122622936724497,0.0,1.0
2017-07-25,0.0,0.0,0.26745180131265744,0.010499008346426031,0.0,1.0
2017-07-26,0.0,0.0,0.26745180131265744,-0.0010473585688846043,0.0,1.0
2017-07-27,0.0,0.0,0.26745180131265744,0.007711423217601876,0.0,1.0
2017-07-28,0.0,0.0,0.26745180131265744,-0.0008134460008992761,0.0,1.0
2017-07-31,0.0,0.0,0.26745180131265744,-0.00013972552912022707,0.0,1.0
2017-08-01,0.0,0.0,0.13328077942914862,-0.003107004813704073,0.0,1.0
2017-08-02,0.0,0.0,0.13328077942914862,0.0038432223385695963,0.0,1.0
2017-08-03,0.0,0.0,0.13328077942914862,-0.008036098530115332,0.0,1.0
2017-08-04,0.0,0.0,0.13328077942914862,-0.0007974434277713272,0.0,1.0
2017-08-07,0.0,0.0,0.13328077942914862,0.003144544803261873,0.0,1.0
2017-08-08,0.0,0.0,0.13328077942914862,0.01147752742254049,0.0,1.0
2017-08-09,0.0,0.0,0.13328077942914862,0.008097518345310917,0.0,1.0
2017-08-10,0.0,0.0,0.13328077942914862,0.0018094350677753113,0.0,1.0
2017-08-11,0.0,0.0,0.13328077942914862,-0.006926026392603646,0.0,1.0
2017-08-14,0.0,0.0,0.13328077942914862,-0.006125401532546704,0.0,1.0
2017-08-15,0.0,0.0,0.13328077942914862,0.008631765677548309,0.0,1.0
2017-08-16,0.0,0.0,0.13328077942914862,0.003954430403457998,0.0,1.0
2017-08-17,0.0,0.0,0.13328077942914862,-0.0032210673656205557,0.0,1.0
2017-08-18,0.0,0.0,0.13328077942914862,0.005674978164325495,0.0,1.0
2017-08-21,0.0,0.0,0.13328077942914862,-0.0059662405353568815,0.0,1.0
2017-08-22,0.0,0.0,0.13328077942914862,0.005010677458989754,0.0,1.0
2017-08-23,0.0,0.0,0.13328077942914862,-0.0027906946586329084,0.0,1.0
2017-08-24,0.0,0.0,0.13328077942914862,0.003277143091013457,0.0,1.0
2017-08-25,0.0,0.0,0.13328077942914862,0.01848050078883645,0.0,1.0
2017-08-28,0.0,0.0,0.13328077942914862,-0.004489880854643857,0.0,1.0
2017-08-29,0.0,0.0,0.13328077942914862,-0.0010679257221672955,0.0,1.0
2017-08-30,0.0,0.0,0.13328077942914862,0.010369583501288915,0.0,1.0
2017-08-31,0.0,0.0,0.13328077942914862,0.0025783082509880373,0.0,1.0
2017-09-01,0.0,0.0,0.06842439484668592,0.006616709786619879,0.0,1.0
2017-09-04,0.0,0.0,0.06842439484668592,0.00546148669691604,0.0,1.0
2017-09-05,0.0,0.0,0.06842439484668592,-0.005418562396396709,0.0,1.0
2017-09-06,0.0,0.0,0.06842439484668592,0.0116382388669658,0.0,1.0
2017-09-07,0.0,0.0,0.06842439484668592,-0.002125440381257171,0.0,1.0
2017-09-08,0.0,0.0,0.06842439484668592,-0.014525355638990156,0.0,1.0
2017-09-11,0.0,0.0,0.06842439484668592,0.0034047043053693216,0.0,1.0
2017-09-12,0.0,0.0,0.06842439484668592,-0.006592357220604583,0.0,1.0
2017-09-13,0.0,0.0,0.06842439484668592,0.007297372494302401,0.0,1.0
2017-09-14,0.0,0.0,0.06842439484668592,-0.009217802908674244,0.0,1.0
2017-09-15,0.0,0.0,0.06842439484668592,-0.00910409431333914,0.0,1.0
2017-09-18,0.0,0.0,0.06842439484668592,0.002102128870379083,0.0,1.0
2017-09-19,0.0,0.0,0.06842439484668592,-0.008678688707282944,0.0,1.0
2017-09-20,0.0,0.0,0.06842439484668592,-0.006092762851162448,0.0,1.0
2017-09-21,0.0,0.0,0.06842439484668592,0.004183180823182475,0.0,1.0
2017-09-22,0.0,0.0,0.06842439484668592,0.009260957268157455,0.0,1.0
2017-09-25,0.0,0.0,0.06842439484668592,-0.012014928378285994,0.0,1.0
2017-09-26,0.0,0.0,0.06842439484668592,-0.008411443829136722,0.0,1.0
2017-09-27,0.0,0.0,0.06842439484668592,0.0033429944726588445,0.0,1.0
2017-09-28,0.0,0.0,0.06842439484668592,-0.005840645350466467,0.0,1.0
2017-09-29,0.0,0.0,0.06842439484668592,-0.006765052643647351,0.0,1.0
2017-10-02,0.0,0.0,0.020412110628633653,0.0010064371415134943,0.0,1.0
2017-10-03,0.0,0.0,0.020412110628633653,0.0015117718698380855,0.0,1.0
2017-10-04,0.0,0.0,0.020412110628633653,-0.004277163704125009,0.0,1.0
2017-10-05,0.0,0.0,0.020412110628633653,0.006040827283869454,0.0,1.0
2017-10-06,0.0,0.0,0.020412110628633653,0.005709634428358257,0.0,1.0
2017-10-09,0.0,0.0,0.020412110628633653,0.004306697876580223,0.0,1.0
2017-10-10,0.0,0.0,0.020412110628633653,0.002284247672704076,0.0,1.0
2017-10-11,0.0,0.0,0.020412110628633653,0.0012487625535833047,0.0,1.0
2017-10-12,0.0,0.0,0.020412110628633653,0.007927875986279531,0.0,1.0
2017-10-13,0.0,0.0,0.020412110628633653,-0.007091566429599183,0.0,1.0
2017-10-16,0.0,0.0,0.020412110628633653,-0.007275178941402949,0.0,1.0
2017-10-17,0.0,0.0,0.020412110628633653,-0.0038126143132952706,0.0,1.0
2017-10-18,0.0,0.0,0.020412110628633653,0.0073454772406194024,0.0,1.0
2017-10-19,0.0,0.0,0.020412110628633653,-0.007383177058029489,0.0,1.0
2017-10-20,0.0,0.0,0.020412110628633653,0.0013080912802010403,0.0,1.0
2017-10-23,0.0,0.0,0.020412110628633653,-0.004907354740948833,0.0,1.0
2017-10-24,0.0,0.0,0.020412110628633653,0.001982644830791358,0.0,1.0
2017-10-25,0.0,0.0,0.020412110628633653,-0.008847839268645075,0.0,1.0
2017-10-26,0.0,0.0,0.020412110628633653,0.0048698229267962745,0.0,1.0
2017-10-27,0.0,0.0,0.020412110628633653,0.0026979381814298264,0.0,1.0
2017-10-30,0.0,0.0,0.020412110628633653,-0.004828681476604757,0.0,1.0
2017-10-31,0.0,0.0,0.020412110628633653,0.0033792531247760493,0.0,1.0
2017-11-01,0.0,0.0,0.010461906029674796,0.0015032205069980265,0.0,1.0
2017-11-02,0.0,0.0,0.010461906029674796,-0.0052713126189685156,0.0,1.0
2017-11-03,0.0,0.0,0.010461906029674796,0.008258999318216276,0.0,1.0
2017-11-06,0.0,0.0,0.010461906029674796,-0.0030482051811873134,0.0,1.0
2017-11-07,0.0,0.0,0.010461906029674796,0.003810270502214941,0.0,1.0
2017-11-08,0.0,0.0,0.010461906029674796,0.002977991313646733,0.0,1.0
2017-11-09,0.0,0.0,0.010461906029674796,-0.007541846470349611,0.0,1.0
2017-11-10,0.0,0.0,0.010461906029674796,0.001374879150796815,0.0,1.0
2017-11-13,0.0,0.0,0.010461906029674796,0.0024370653224279337,0.0,1.0
2017-11-14,0.0,0.0,0.010461906029674796,-0.0013975247660926726,0.0,1.0
2017-11-15,0.0,0.0,0.010461906029674796,-2.8185838597316604e-05,0.0,1.0
2017-11-16,0.0,0.0,0.010461906029674796,0.011808179324360069,0.0,1.0
2017-11-17,0.0,0.0,0.010461906029674796,-0.012266130478208126,0.0,1.0
2017-11-20,0.0,0.0,0.010461906029674796,0.0025138829821438335,0.0,1.0
2017-11-21,0.0,0.0,0.010461906029674796,0.007488781610093476,0.0,1.0
2017-11-22,0.0,0.0,0.010461906029674796,0.00025417347873446516,0.0,1.0
2017-11-23,0.0,0.0,0.010461906029674796,-0.0025051368011856923,0.0,1.0
2017-11-24,0.0,0.0,0.010461906029674796,0.005073464282637552,0.0,1.0
2017-11-27,0.0,0.0,0.010461906029674796,-0.0008350667695342651,0.0,1.0
2017-11-28,0.0,0.0,0.010461906029674796,-0.007683016772506157,0.0,1.0
2017-11-29,0.0,0.0,0.010461906029674796,-0.0068881131122520145,0.0,1.0
2017-11-30,0.0,0.0,0.010461906029674796,0.0042391552407652355,0.0,1.0
2017-12-01,0.0,0.00023287618612533728,0.006355624731506409,-0.002940160270977543,-0.0,1.0
2017-12-04,0.0,0.0005418154488912649,0.006355624731506409,-0.008281912672617686,-0.0,1.0
2017-12-05,0.0,0.0005167249559430637,0.006355624731506409,-0.00164080477723072,-0.0,1.0
2017-12-06,0.0,4.754562006605649e-05,0.006355624731506409,-0.013737104186532179,-0.0,1.0
2017-12-07,0.0,0.00020245791055644173,0.006355624731506409,0.0010848130554164115,0.0,1.0
2017-12-08,0.0,0.00030935823985094014,0.006355624731506409,-0.004649332336118306,-0.0,1.0
2017-12-11,1.0,0.0010400946380602915,0.006355624731506409,0.0009652085866660443,0.00046520858666604424,1.0004653168129625
2017-12-12,0.0,0.0005860299796317891,0.006355624731506409,0.008922627124054117,-0.0005,0.9999652091918801
2017-12-13,1.0,0.0014805190261133535,0.006355624731506409,-0.0012149926319873217,-0.0017149926319873217,0.9982517459342732
2017-12-14,0.0,-0.0002821377305744305,0.006355624731506409,0.0015159209880026836,-0.0005,0.9977527448219801
2017-12-15,0.0,1.7925004414497727e-05,0.006355624731506409,0.0049412486364994734,0.0,0.9977527448219801
2017-12-18,-1.0,-0.0007846735906902676,0.006355624731506409,0.0006434370531840372,-0.0011434370531840372,0.9966125293701636
2017-12-19,0.0,0.0006014982738574782,0.006355624731506409,0.0030932388890443363,-0.0005,0.9961143476612846
2017-12-20,1.0,0.0008158192240512088,0.006355624731506409,0.0008115858804949028,0.00031158588049490276,0.9964247711866565
2017-12-21,1.0,0.0012970894995515193,0.006355624731506409,0.006439998532978386,0.006439998532978386,1.002862452330424
2017-12-22,0.0,0.0002890812765009022,0.006355624731506409,-0.0004743943145779639,-0.0005,1.002361146441175
2017-12-25,1.0,0.0012527522635055511,0.006355624731506409,0.006159412548233156,0.005659412548233156,1.0080500043039884
2017-12-26,0.0,-8.796669080882692e-05,0.006355624731506409,0.0036929955643483225,-0.0005,1.0075461052870884
2017-12-27,1.0,0.0010971380500852802,0.006355624731506409,0.005397273696905458,0.0048972736969054576,1.0124924362093213
2017-12-28,0.0,0.0004480725151418202,0.006355624731506409,0.006338377171803522,-0.0005,1.0119863165316803
2017-12-29,1.0,0.0008469981458339785,0.006355624731506409,0.0035157017859983597,0.0030157017859983597,1.0150427718363113
2018-01-01,0.0,-0.0004207379133437964,0.00519056023562095,0.00975265486541499,-0.0005,1.0145353773095955
2018-01-02,1.0,0.001479748264239657,0.00519056023562095,-0.006328449328530716,-0.006828449328530717,1.007631272884116
2018-01-03,1.0,0.0011876798885672559,0.00519056023562095,0.007696947043347002,0.007696947043347002,1.015416881703256
2018-01-04,0.0,0.0001678898508381581,0.00519056023562095,-0.0015494223147634045,-0.0005,1.014909300168363
2018-01-05,1.0,0.0017324029809454003,0.00519056023562095,-0.000597956813451539,-0.001097956813451539,1.0137955851046119
2018-01-08,0.0,-0.0003025811918791722,0.00519056023562095,-0.005783190246914316,-0.0005,1.0132888140153897
2018-01-09,0.0,-7.019119364003559e-05,0.00519056023562095,0.004717130451507678,0.0,1.0132888140153897
2018-01-10,1.0,0.0008609497843210213,0.00519056023562095,0.003989044534893793,0.003489044534893793,1.0168303985945906
2018-01-11,1.0,0.001135832383632597,0.00519056023562095,0.011271011117916174,0.011271011117916174,1.0283559355370733
2018-01-12,0.0,-0.000531855401108183,0.00519056023562095,0.0026414391101905466,-0.0005,1.0278418860923753
2018-01-15,0.0,-3.80761464385435e-05,0.00519056023562095,-0.0009181089769434436,-0.0,1.0278418860923753
2018-01-16,1.0,0.0007794153073973534,0.00519056023562095,-0.008896908659647984,-0.009396908659647984,1.0182285881527955
2018-01-17,1.0,0.0008862005922743632,0.00519056023562095,-0.0002798157057357642,-0.0002798157057357642,1.0179437116601184
2018-01-18,0.0,-9.191406917630343e-05,0.00519056023562095,0.0028672375737039957,-0.0005,1.0174348670260478
2018-01-19,0.0,0.0006216802050380294,0.00519056023562095,0.0014167019660211722,0.0,1.0174348670260478
2018-01-22,0.0,0.00025118986397157725,0.00519056023562095,0.006227403420239419,0.0,1.0174348670260478
2018-01-23,0.0,0.0002919019730888635,0.00519056023562095,0.011343001503289152,0.0,1.0174348670260478
2018-01-24,1.0,0.0015245059231713159,0.00519056023562095,-0.00717303151376214,-0.007673031513762141,1.0096579317188217
2018-01-25,0.0,-0.00018427011041682772,0.00519056023562095,0.0018610714601816625,-0.0005,1.0091532289391718
2018-01-26,1.0,0.001384996814408323,0.00519056023562095,-0.006590386214515576,-0.007090386214515576,1.0020232498199668
2018-01-29,0.0,-9.176967868387727e-05,0.00519056023562095,-0.0018743974090078552,-0.0005,1.0015223634270902
2018-01-30,0.0,-0.0006173434221826181,0.00519056023562095,0.005074344177690371,0.0,1.0015223634270902
2018-01-31,0.0,0.00026460600331075165,0.00519056023562095,0.002224917908045576,0.0,1.0015223634270902
2018-02-01,0.0,0.0,0.03236129850221957,-0.011323474132440836,0.0,1.0015223634270902
2018-02-02,0.0,0.0,0.03236129850221957,0.004799011432090161,0.0,1.0015223634270902
2018-02-05,0.0,0.0,0.03236129850221957,-0.010945410651104659,0.0,1.0015223634270902
2018-02-06,0.0,0.0,0.03236129850221957,-0.004606875885265538,0.0,1.0015223634270902
2018-02-07,0.0,0.0,0.03236129850221957,0.0017965418314327408,0.0,1.0015223634270902
2018-02-08,0.0,0.0,0.03236129850221957,-0.003745240093800284,0.0,1.0015223634270902
2018-02-09,0.0,0.0,0.03236129850221957,0.004879520753109823,0.0,1.0015223634270902
2018-02-12,0.0,0.0,0.03236129850221957,0.006216512150705178,0.0,1.0015223634270902
2018-02-13,0.0,0.0,0.03236129850221957,0.016114861330949637,0.0,1.0015223634270902
2018-02-14,0.0,0.0,0.03236129850221957,0.0006398704773511454,0.0,1.0015223634270902
2018-02-15,0.0,0.0,0.03236129850221957,-0.004344989026209944,0.0,1.0015223634270902
2018-02-16,0.0,0.0,0.03236129850221957,-0.0012794520114960406,0.0,1.0015223634270902
2018-02-19,0.0,0.0,0.03236129850221957,-0.012065212794837521,0.0,1.0015223634270902
2018-02-20,0.0,0.0,0.03236129850221957,-0.003106361726809226,0.0,1.0015223634270902
2018-02-21,0.0,0.0,0.03236129850221957,0.0038182999540996576,0.0,1.0015223634270902
2018-02-22,0.0,0.0,0.03236129850221957,-0.0011290883898009696,0.0,1.0015223634270902
2018-02-23,0.0,0.0,0.03236129850221957,0.002358868801345615,0.0,1.0015223634270902
2018-02-26,0.0,0.0,0.03236129850221957,-0.011003434904760745,0.0,1.0015223634270902
2018-02-27,0.0,0.0,0.03236129850221957,-0.00013895015582932047,0.0,1.0015223634270902
2018-02-28,0.0,0.0,0.03236129850221957,-0.000467589114233391,0.0,1.0015223634270902
2018-03-01,0.0,0.0,0.01108964968161577,0.004198257815515305,0.0,1.0015223634270902
2018-03-02,0.0,0.0,0.01108964968161577,-0.001370935363071979,0.0,1.0015223634270902
2018-03-05,0.0,0.0,0.01108964968161577,0.012595801145772967,0.0,1.0015223634270902
2018-03-06,0.0,0.0,0.01108964968161577,-0.009427147209208009,0.0,1.0015223634270902
2018-03-07,0.0,0.0,0.01108964968161577,-0.002674641183943116,0.0,1.0015223634270902
2018-03-08,0.0,0.0,0.01108964968161577,0.001485430300554036,0.0,1.0015223634270902
2018-03-09,0.0,0.0,0.01108964968161577,0.0006089969800786577,0.0,1.0015223634270902
2018-03-12,0.0,0.0,0.01108964968161577,0.0016148176143078175,0.0,1.0015223634270902
2018-03-13,0.0,0.0,0.01108964968161577,-0.001072982975720116,0.0,1.0015223634270902
2018-03-14,0.0,0.0,0.01108964968161577,-0.006775177130097454,0.0,1.0015223634270902
2018-03-15,0.0,0.0,0.01108964968161577,-0.0016677131258715505,0.0,1.0015223634270902
2018-03-16,0.0,0.0,0.01108964968161577,0.0025910221981195747,0.0,1.0015223634270902
2018-03-19,0.0,0.0,0.01108964968161577,-0.004988847372155547,0.0,1.0015223634270902
2018-03-20,0.0,0.0,0.01108964968161577,0.016123567930231175,0.0,1.0015223634270902
2018-03-21,0.0,0.0,0.01108964968161577,-0.0001774819227620128,0.0,1.0015223634270902
2018-03-22,0.0,0.0,0.01108964968161577,0.01166612628901742,0.0,1.0015223634270902
2018-03-23,0.0,0.0,0.01108964968161577,0.004346224339383475,0.0,1.0015223634270902
2018-03-26,0.0,0.0,0.01108964968161577,-0.005841966540915067,0.0,1.0015223634270902
2018-03-27,0.0,0.0,0.01108964968161577,-0.01450897325731848,0.0,1.0015223634270902
2018-03-28,0.0,0.0,0.01108964968161577,-0.0008736962731887843,0.0,1.0015223634270902
2018-03-29,0.0,0.0,0.01108964968161577,-0.0011782556250974352,0.0,1.0015223634270902
2018-03-30,0.0,0.0,0.01108964968161577,0.013919597681855578,0.0,1.0015223634270902
2018-04-02,0.0,0.0,0.0301405298856825,-0.006447174607242978,0.0,1.0015223634270902
2018-04-03,0.0,0.0,0.0301405298856825,0.0001764841550802032,0.0,1.0015223634270902
2018-04-04,0.0,0.0,0.0301405298856825,-0.0028280475026667418,0.0,1.0015223634270902
2018-04-05,0.0,0.0,0.0301405298856825,0.0027394343227440388,0.0,1.0015223634270902
2018-04-06,0.0,0.0,0.0301405298856825,0.0024798867040045636,0.0,1.0015223634270902
2018-04-09,0.0,0.0,0.0301405298856825,0.0034609907057019385,0.0,1.0015223634270902
2018-04-10,0.0,0.0,0.0301405298856825,0.008864763029001743,0.0,1.0015223634270902
2018-04-11,0.0,0.0,0.0301405298856825,-0.011752228582405877,0.0,1.0015223634270902
2018-04-12,0.0,0.0,0.0301405298856825,0.00608943667728834,0.0,1.0015223634270902
2018-04-13,0.0,0.0,0.0301405298856825,0.0013161427037298168,0.0,1.0015223634270902
2018-04-16,0.0,0.0,0.0301405298856825,-0.0005629830785025547,0.0,1.0015223634270902
2018-04-17,0.0,0.0,0.0301405298856825,0.002897295741597361,0.0,1.0015223634270902
2018-04-18,0.0,0.0,0.0301405298856825,-0.0037966367396187195,0.0,1.0015223634270902
2018-04-19,0.0,0.0,0.0301405298856825,-0.007004456562660799,0.0,1.0015223634270902
2018-04-20,0.0,0.0,0.0301405298856825,-0.008647975236262262,0.0,1.0015223634270902
2018-04-23,0.0,0.0,0.0301405298856825,0.005193937262470527,0.0,1.0015223634270902
2018-04-24,0.0,0.0,0.0301405298856825,-0.0062771700088184446,0.0,1.0015223634270902
2018-04-25,0.0,0.0,0.0301405298856825,-0.004065447334475891,0.0,1.0015223634270902
2018-04-26,0.0,0.0,0.0301405298856825,0.004279041660145921,0.0,1.0015223634270902
2018-04-27,0.0,0.0,0.0301405298856825,-0.005939712223312021,0.0,1.0015223634270902
2018-04-30,0.0,0.0,0.0301405298856825,-0.00797020669153703,0.0,1.0015223634270902
2018-05-01,0.0,0.0,0.03674937501576258,0.0003287666248343868,0.0,1.0015223634270902
2018-05-02,0.0,0.0,0.03674937501576258,0.005240937386073341,0.0,1.0015223634270902
2018-05-03,0.0,0.0,0.03674937501576258,0.0022630439388819923,0.0,1.0015223634270902
2018-05-04,0.0,0.0,0.03674937501576258,3.392489818399014e-05,0.0,1.0015223634270902
2018-05-07,0.0,0.0,0.03674937501576258,0.00018531156574130847,0.0,1.0015223634270902
2018-05-08,0.0,0.0,0.03674937501576258,-0.002288028160457145,0.0,1.0015223634270902
2018-05-09,0.0,0.0,0.03674937501576258,0.0065732514301011236,0.0,1.0015223634270902
2018-05-10,0.0,0.0,0.03674937501576258,-0.001976568001343715,0.0,1.0015223634270902
2018-05-11,0.0,0.0,0.03674937501576258,-0.0038213532392630256,0.0,1.0015223634270902
2018-05-14,0.0,0.0,0.03674937501576258,-0.011101624809153776,0.0,1.0015223634270902
2018-05-15,0.0,0.0,0.03674937501576258,-0.005872089641664857,0.0,1.0015223634270902
2018-05-16,0.0,0.0,0.03674937501576258,-0.0010420661024088673,0.0,1.0015223634270902
2018-05-17,0.0,0.0,0.03674937501576258,0.0017646782917459802,0.0,1.0015223634270902
2018-05-18,0.0,0.0,0.03674937501576258,1.0053597632619926e-05,0.0,1.0015223634270902
2018-05-21,0.0,0.0,0.03674937501576258,0.0005553047895796581,0.0,1.0015223634270902
2018-05-22,0.0,0.0,0.03674937501576258,0.0011497575925512038,0.0,1.0015223634270902
2018-05-23,0.0,0.0,0.03674937501576258,0.007940858148046459,0.0,1.0015223634270902
2018-05-24,0.0,0.0,0.03674937501576258,-0.00288996047947343,0.0,1.0015223634270902
2018-05-25,0.0,0.0,0.03674937501576258,-0.002194188384904372,0.0,1.0015223634270902
2018-05-28,0.0,0.0,0.03674937501576258,0.0019640694198015396,0.0,1.0015223634270902
2018-05-29,0.0,0.0,0.03674937501576258,0.000910053258669663,0.0,1.0015223634270902
2018-05-30,0.0,0.0,0.03674937501576258,-0.00200369496700592,0.0,1.0015223634270902
2018-05-31,0.0,0.0,0.03674937501576258,-0.004747333475262572,0.0,1.0015223634270902
2018-06-01,0.0,0.0,0.047732765219975944,-0.0011135417111214352,0.0,1.0015223634270902
2018-06-04,0.0,0.0,0.047732765219975944,0.003739957633565716,0.0,1.0015223634270902
2018-06-05,0.0,0.0,0.047732765219975944,0.00020781018926818717,0.0,1.0015223634270902
2018-06-06,0.0,0.0,0.047732765219975944,0.0001636003257194929,0.0,1.0015223634270902
2018-06-07,0.0,0.0,0.047732765219975944,0.0011033019655828369,0.0,1.0015223634270902
2018-06-08,0.0,0.0,0.047732765219975944,0.00032093816413159004,0.0,1.0015223634270902
2018-06-11,0.0,0.0,0.047732765219975944,-0.002614443384284293,0.0,1.0015223634270902
2018-06-12,0.0,0.0,0.047732765219975944,0.0028116239505866503,0.0,1.0015223634270902
2018-06-13,0.0,0.0,0.047732765219975944,0.0022933768187254344,0.0,1.0015223634270902
2018-06-14,0.0,0.0,0.047732765219975944,-0.01727304043230049,0.0,1.0015223634270902
2018-06-15,0.0,0.0,0.047732765219975944,6.531943478282898e-05,0.0,1.0015223634270902
2018-06-18,0.0,0.0,0.047732765219975944,-0.0038254776897366227,0.0,1.0015223634270902
2018-06-19,0.0,0.0,0.047732765219975944,-0.004917443120031173,0.0,1.0015223634270902
2018-06-20,0.0,0.0,0.047732765219975944,-0.0012316979391693295,0.0,1.0015223634270902
2018-06-21,0.0,0.0,0.047732765219975944,0.0013971907487091428,0.0,1.0015223634270902
2018-06-22,0.0,0.0,0.047732765219975944,-0.002663403936074893,0.0,1.0015223634270902
2018-06-25,0.0,0.0,0.047732765219975944,-0.005827780350098344,0.0,1.0015223634270902
2018-06-26,0.0,0.0,0.047732765219975944,-0.004517888790656954,0.0,1.0015223634270902
2018-06-27,0.0,0.0,0.047732765219975944,-0.0033906451945107108,0.0,1.0015223634270902
2018-06-28,0.0,0.0,0.047732765219975944,0.00352090315860476,0.0,1.0015223634270902
2018-06-29,0.0,0.0,0.047732765219975944,-0.008591371894588917,0.0,1.0015223634270902
2018-07-02,0.0,0.0,0.034709111926028664,0.0096337111097613,0.0,1.0015223634270902
2018-07-03,0.0,0.0,0.034709111926028664,0.0019398775882928376,0.0,1.0015223634270902
2018-07-04,0.0,0.0,0.034709111926028664,0.0008235195082422209,0.0,1.0015223634270902
2018-07-05,0.0,0.0,0.034709111926028664,-0.002300648893402979,0.0,1.0015223634270902
2018-07-06,0.0,0.0,0.034709111926028664,0.002600529425494713,0.0,1.0015223634270902
2018-07-09,0.0,0.0,0.034709111926028664,-0.001565234512622915,0.0,1.0015223634270902
2018-07-10,0.0,0.0,0.034709111926028664,-0.010938496404499176,0.0,1.0015223634270902
2018-07-11,0.0,0.0,0.034709111926028664,0.00303409087215023,0.0,1.0015223634270902
2018-07-12,0.0,0.0,0.034709111926028664,-0.003999768487410016,0.0,1.0015223634270902
2018-07-13,0.0,0.0,0.034709111926028664,-0.00044019997580502235,0.0,1.0015223634270902
2018-07-16,0.0,0.0,0.034709111926028664,-0.010865677576795463,0.0,1.0015223634270902
2018-07-17,0.0,0.0,0.034709111926028664,-0.00013023450490212696,0.0,1.0015223634270902
2018-07-18,0.0,0.0,0.034709111926028664,-0.0029763294349232083,0.0,1.0015223634270902
2018-07-19,0.0,0.0,0.034709111926028664,0.006738311657201734,0.0,1.0015223634270902
2018-07-20,0.0,0.0,0.034709111926028664,-0.006049157974937103,0.0,1.0015223634270902
2018-07-23,0.0,0.0,0.034709111926028664,0.0006571781928252918,0.0,1.0015223634270902
2018-07-24,0.0,0.0,0.034709111926028664,0.006094834924039283,0.0,1.0015223634270902
2018-07-25,0.0,0.0,0.034709111926028664,-0.007297217189596417,0.0,1.0015223634270902
2018-07-26,0.0,0.0,0.034709111926028664,-0.00058372195073364,0.0,1.0015223634270902
2018-07-27,0.0,0.0,0.034709111926028664,-0.0005533933506800537,0.0,1.0015223634270902
2018-07-30,0.0,0.0,0.034709111926028664,0.0014399208497373195,0.0,1.0015223634270902
2018-07-31,0.0,0.0,0.034709111926028664,-0.005506853652457622,0.0,1.0015223634270902
2018-08-01,0.0,0.0,0.049115389211929934,-0.0076196716312759705,0.0,1.0015223634270902
2018-08-02,0.0,0.0,0.049115389211929934,0.004521410923147506,0.0,1.0015223634270902
2018-08-03,0.0,0.0,0.049115389211929934,-0.004445892633277104,0.0,1.0015223634270902
2018-08-06,0.0,0.0,0.049115389211929934,0.003113099524489016,0.0,1.0015223634270902
2018-08-07,0.0,0.0,0.049115389211929934,0.001351202839233956,0.0,1.0015223634270902
2018-08-08,0.0,0.0,0.049115389211929934,-0.0010698537422459964,0.0,1.0015223634270902
2018-08-09,0.0,0.0,0.049115389211929934,-0.0009704962354497582,0.0,1.0015223634270902
2018-08-10,0.0,0.0,0.049115389211929934,-0.014771849954031246,0.0,1.0015223634270902
2018-08-13,0.0,0.0,0.049115389211929934,0.0003993206496595292,0.0,1.0015223634270902
2018-08-14,0.0,0.0,0.049115389211929934,-0.012500557953823765,0.0,1.0015223634270902
2018-08-15,0.0,0.0,0.049115389211929934,-0.00020524557318601921,0.0,1.0015223634270902
2018-08-16,0.0,0.0,0.049115389211929934,0.005816643037690916,0.0,1.0015223634270902
2018-08-17,0.0,0.0,0.049115389211929934,0.004379480566791827,0.0,1.0015223634270902
2018-08-20,0.0,0.0,0.049115389211929934,0.004494825154218063,0.0,1.0015223634270902
2018-08-21,0.0,0.0,0.049115389211929934,-0.000445162936531851,0.0,1.0015223634270902
2018-08-22,0.0,0.0,0.049115389211929934,-0.008987660171565715,0.0,1.0015223634270902
2018-08-23,0.0,0.0,0.049115389211929934,0.017719257927700127,0.0,1.0015223634270902
2018-08-24,0.0,0.0,0.049115389211929934,0.004072153038055859,0.0,1.0015223634270902
2018-08-27,0.0,0.0,0.049115389211929934,-0.00747907111856172,0.0,1.0015223634270902
2018-08-28,0.0,0.0,0.049115389211929934,0.004315115053297625,0.0,1.0015223634270902
2018-08-29,0.0,0.0,0.049115389211929934,-0.005677916858690679,0.0,1.0015223634270902
2018-08-30,0.0,0.0,0.049115389211929934,0.0005465914587272636,0.0,1.0015223634270902
2018-08-31,0.0,0.0,0.049115389211929934,-0.00025652075759730053,0.0,1.0015223634270902
2018-09-03,0.0,0.0,0.07025835085563238,-0.007425886357943057,0.0,1.0015223634270902
2018-09-04,0.0,0.0,0.07025835085563238,0.0044668223034287635,0.0,1.0015223634270902
2018-09-05,0.0,0.0,0.07025835085563238,0.0028800542050930744,0.0,1.0015223634270902
2018-09-06,0.0,0.0,0.07025835085563238,-0.003883990149632588,0.0,1.0015223634270902
2018-09-07,0.0,0.0,0.07025835085563238,-0.0006100608309154154,0.0,1.0015223634270902
2018-09-10,0.0,0.0,0.07025835085563238,0.0019542182738696567,0.0,1.0015223634270902
2018-09-11,0.0,0.0,0.07025835085563238,0.007123088791948007,0.0,1.0015223634270902
2018-09-12,0.0,0.0,0.07025835085563238,-0.0036602301054458053,0.0,1.0015223634270902
2018-09-13,0.0,0.0,0.07025835085563238,-0.006828765181484897,0.0,1.0015223634270902
2018-09-14,0.0,0.0,0.07025835085563238,0.00496486496231352,0.0,1.0015223634270902
2018-09-17,0.0,0.0,0.07025835085563238,-0.0004959790082006421,0.0,1.0015223634270902
2018-09-18,0.0,0.0,0.07025835085563238,0.004088810333754189,0.0,1.0015223634270902
2018-09-19,0.0,0.0,0.07025835085563238,0.0030094496952326466,0.0,1.0015223634270902
2018-09-20,0.0,0.0,0.07025835085563238,-0.006722335560152892,0.0,1.0015223634270902
2018-09-21,0.0,0.0,0.07025835085563238,-0.00019763766173142017,0.0,1.0015223634270902
2018-09-24,0.0,0.0,0.07025835085563238,0.002007632880550503,0.0,1.0015223634270902
2018-09-25,0.0,0.0,0.07025835085563238,-0.004824657385199771,0.0,1.0015223634270902
2018-09-26,0.0,0.0,0.07025835085563238,-0.010436463750101765,0.0,1.0015223634270902
2018-09-27,0.0,0.0,0.07025835085563238,0.007342391933436332,0.0,1.0015223634270902
2018-09-28,0.0,0.0,0.07025835085563238,-0.0027684156898919454,0.0,1.0015223634270902
2018-10-01,0.0,0.0,0.11530441172040451,0.013600950888748464,0.0,1.0015223634270902
2018-10-02,0.0,0.0,0.11530441172040451,-0.006126674468894144,0.0,1.0015223634270902
2018-10-03,0.0,0.0,0.11530441172040451,0.0013621882470431501,0.0,1.0015223634270902
2018-10-04,0.0,0.0,0.11530441172040451,0.0031235319967830577,0.0,1.0015223634270902
2018-10-05,0.0,0.0,0.11530441172040451,-0.011134755836748944,0.0,1.0015223634270902
2018-10-08,0.0,0.0,0.11530441172040451,0.00023299398307408126,0.0,1.0015223634270902
2018-10-09,0.0,0.0,0.11530441172040451,0.00383242187331323,0.0,1.0015223634270902
2018-10-10,0.0,0.0,0.11530441172040451,0.022819177517971134,0.0,1.0015223634270902
2018-10-11,0.0,0.0,0.11530441172040451,-0.0033756930733215285,0.0,1.0015223634270902
2018-10-12,0.0,0.0,0.11530441172040451,0.007294647927813536,0.0,1.0015223634270902
2018-10-15,0.0,0.0,0.11530441172040451,-0.0015943321756193285,0.0,1.0015223634270902
2018-10-16,0.0,0.0,0.11530441172040451,-0.0020310621134482787,0.0,1.0015223634270902
2018-10-17,0.0,0.0,0.11530441172040451,0.00254300544462005,0.0,1.0015223634270902
2018-10-18,0.0,0.0,0.11530441172040451,0.0007911646180165377,0.0,1.0015223634270902
2018-10-19,0.0,0.0,0.11530441172040451,-0.0035388243533347463,0.0,1.0015223634270902
2018-10-22,0.0,0.0,0.11530441172040451,0.007166705287157349,0.0,1.0015223634270902
2018-10-23,0.0,0.0,0.11530441172040451,0.0028750443110849844,0.0,1.0015223634270902
2018-10-24,0.0,0.0,0.11530441172040451,-0.002257824446888712,0.0,1.0015223634270902
2018-10-25,0.0,0.0,0.11530441172040451,0.0017438006592414013,0.0,1.0015223634270902
2018-10-26,0.0,0.0,0.11530441172040451,-0.003210891775337288,0.0,1.0015223634270902
2018-10-29,0.0,0.0,0.11530441172040451,-0.005937998888076557,0.0,1.0015223634270902
2018-10-30,0.0,0.0,0.11530441172040451,-0.005702330514365528,0.0,1.0015223634270902
2018-10-31,0.0,0.0,0.11530441172040451,0.014179684984829244,0.0,1.0015223634270902
2018-11-01,0.0,0.0,0.36634616048806445,-0.00010710328278484837,0.0,1.0015223634270902
2018-11-02,0.0,0.0,0.36634616048806445,-0.001303872003035167,0.0,1.0015223634270902
2018-11-05,0.0,0.0,0.36634616048806445,-0.003392853576993815,0.0,1.0015223634270902
2018-11-06,0.0,0.0,0.36634616048806445,-0.00105567711215393,0.0,1.0015223634270902
2018-11-07,0.0,0.0,0.36634616048806445,-0.001815372524847092,0.0,1.0015223634270902
2018-11-08,0.0,0.0,0.36634616048806445,-0.011681276328054935,0.0,1.0015223634270902
2018-11-09,0.0,0.0,0.36634616048806445,-0.006430959752747434,0.0,1.0015223634270902
2018-11-12,0.0,0.0,0.36634616048806445,0.001016388478106478,0.0,1.0015223634270902
2018-11-13,0.0,0.0,0.36634616048806445,0.006678439106548417,0.0,1.0015223634270902
2018-11-14,0.0,0.0,0.36634616048806445,0.002173651917322772,0.0,1.0015223634270902
2018-11-15,0.0,0.0,0.36634616048806445,0.006340097258357602,0.0,1.0015223634270902
2018-11-16,0.0,0.0,0.36634616048806445,0.002303649099746785,0.0,1.0015223634270902
2018-11-19,0.0,0.0,0.36634616048806445,-0.002244297940141138,0.0,1.0015223634270902
2018-11-20,0.0,0.0,0.36634616048806445,0.0036431952699267356,0.0,1.0015223634270902
2018-11-21,0.0,0.0,0.36634616048806445,0.0010528416475468205,0.0,1.0015223634270902
2018-11-22,0.0,0.0,0.36634616048806445,-0.0035524670413220605,0.0,1.0015223634270902
2018-11-23,0.0,0.0,0.36634616048806445,-0.00018219966860577586,0.0,1.0015223634270902
2018-11-26,0.0,0.0,0.36634616048806445,-0.006417661707581956,0.0,1.0015223634270902
2018-11-27,0.0,0.0,0.36634616048806445,0.005245766966219811,0.0,1.0015223634270902
2018-11-28,0.0,0.0,0.36634616048806445,0.002402985548164871,0.0,1.0015223634270902
2018-11-29,0.0,0.0,0.36634616048806445,-0.001429858476583945,0.0,1.0015223634270902
2018-11-30,0.0,0.0,0.36634616048806445,0.0073699862077081235,0.0,1.0015223634270902
2018-12-03,0.0,0.0,0.16222910635957166,0.006013380656026079,0.0,1.0015223634270902
2018-12-04,0.0,0.0,0.16222910635957166,-0.0007403898528268726,0.0,1.0015223634270902
2018-12-05,0.0,0.0,0.16222910635957166,-0.00014238338250827098,0.0,1.0015223634270902
2018-12-06,0.0,0.0,0.16222910635957166,0.008576461554934411,0.0,1.0015223634270902
2018-12-07,0.0,0.0,0.16222910635957166,-0.0032903477934835834,0.0,1.0015223634270902
2018-12-10,0.0,0.0,0.16222910635957166,-0.0007102613942153724,0.0,1.0015223634270902
2018-12-11,0.0,0.0,0.16222910635957166,0.0023099756346898204,0.0,1.0015223634270902
2018-12-12,0.0,0.0,0.16222910635957166,-0.0031185130973447883,0.0,1.0015223634270902
2018-12-13,0.0,0.0,0.16222910635957166,-0.003365906274164665,0.0,1.0015223634270902
2018-12-14,0.0,0.0,0.16222910635957166,0.00610259963632398,0.0,1.0015223634270902
2018-12-17,0.0,0.0,0.16222910635957166,0.0031355578591441002,0.0,1.0015223634270902
2018-12-18,0.0,0.0,0.16222910635957166,-0.004726491155855328,0.0,1.0015223634270902
2018-12-19,0.0,0.0,0.16222910635957166,0.01417741808153572,0.0,1.0015223634270902
2018-12-20,0.0,0.0,0.16222910635957166,-0.00434556076284931,0.0,1.0015223634270902
2018-12-21,0.0,0.0,0.16222910635957166,0.010234174867163937,0.0,1.0015223634270902
2018-12-24,0.0,0.0,0.16222910635957166,-0.0005311564022516535,0.0,1.0015223634270902
2018-12-25,0.0,0.0,0.16222910635957166,0.0001339004781302222,0.0,1.0015223634270902
2018-12-26,0.0,0.0,0.16222910635957166,0.004867514299987441,0.0,1.0015223634270902
2018-12-27,0.0,0.0,0.16222910635957166,0.004728228321867256,0.0,1.0015223634270902
2018-12-28,0.0,0.0,0.16222910635957166,0.0010609278862254712,0.0,1.0015223634270902
2018-12-31,0.0,0.0,0.16222910635957166,-0.0005513174609692584,0.0,1.0015223634270902
2019-01-01,0.0,0.0,0.1196809025653818,0.003148459208953902,0.0,1.0015223634270902
2019-01-02,0.0,0.0,0.1196809025653818,0.007287369162230384,0.0,1.0015223634270902
2019-01-03,0.0,0.0,0.1196809025653818,-0.007508197678608219,0.0,1.0015223634270902
2019-01-04,0.0,0.0,0.1196809025653818,0.002867684367283019,0.0,1.0015223634270902
2019-01-07,0.0,0.0,0.1196809025653818,-0.002755401173986094,0.0,1.0015223634270902
2019-01-08,0.0,0.0,0.1196809025653818,0.0062378911244040935,0.0,1.0015223634270902
2019-01-09,0.0,0.0,0.1196809025653818,-0.00430850903838742,0.0,1.0015223634270902
2019-01-10,0.0,0.0,0.1196809025653818,-0.00025640237470181404,0.0,1.0015223634270902
2019-01-11,0.0,0.0,0.1196809025653818,0.003425650452632212,0.0,1.0015223634270902
2019-01-14,0.0,0.0,0.1196809025653818,-0.001553706638086183,0.0,1.0015223634270902
2019-01-15,0.0,0.0,0.1196809025653818,0.0027934683799335502,0.0,1.0015223634270902
2019-01-16,0.0,0.0,0.1196809025653818,-0.001112210110442824,0.0,1.0015223634270902
2019-01-17,0.0,0.0,0.1196809025653818,-0.008029164559260948,0.0,1.0015223634270902
2019-01-18,0.0,0.0,0.1196809025653818,-0.0012994931269236787,0.0,1.0015223634270902
2019-01-21,0.0,0.0,0.1196809025653818,0.0038209603828898153,0.0,1.0015223634270902
2019-01-22,0.0,0.0,0.1196809025653818,-0.0013083514169736077,0.0,1.0015223634270902
2019-01-23,0.0,0.0,0.1196809025653818,-0.0014118526043764845,0.0,1.0015223634270902
2019-01-24,0.0,0.0,0.1196809025653818,0.01695891670805949,0.0,1.0015223634270902
2019-01-25,0.0,0.0,0.1196809025653818,0.0003686249546843712,0.0,1.0015223634270902
2019-01-28,0.0,0.0,0.1196809025653818,0.005631630262818987,0.0,1.0015223634270902
2019-01-29,0.0,0.0,0.1196809025653818,0.00628650131211117,0.0,1.0015223634270902
2019-01-30,0.0,0.0,0.1196809025653818,0.001149647129474296,0.0,1.0015223634270902
2019-01-31,0.0,0.0,0.1196809025653818,-0.0023796398494306814,0.0,1.0015223634270902
2019-02-01,0.0,0.0,0.14878749341771533,-0.004413361537277893,0.0,1.0015223634270902
2019-02-04,0.0,0.0,0.14878749341771533,0.0020882222679086127,0.0,1.0015223634270902
2019-02-05,0.0,0.0,0.14878749341771533,-0.0061049814129532365,0.0,1.0015223634270902
2019-02-06,0.0,0.0,0.14878749341771533,0.0028035185594648127,0.0,1.0015223634270902
2019-02-07,0.0,0.0,0.14878749341771533,0.0028302111480549286,0.0,1.0015223634270902
2019-02-08,0.0,0.0,0.14878749341771533,-0.004816807652992416,0.0,1.0015223634270902
2019-02-11,0.0,0.0,0.14878749341771533,0.0021349344196543996,0.0,1.0015223634270902
2019-02-12,0.0,0.0,0.14878749341771533,-0.0027068603864446317,0.0,1.0015223634270902
2019-02-13,0.0,0.0,0.14878749341771533,0.004020600620473935,0.0,1.0015223634270902
2019-02-14,0.0,0.0,0.14878749341771533,0.006723801636700166,0.0,1.0015223634270902
2019-02-15,0.0,0.0,0.14878749341771533,0.00390670625534284,0.0,1.0015223634270902
2019-02-18,0.0,0.0,0.14878749341771533,0.010593243573365108,0.0,1.0015223634270902
2019-02-19,0.0,0.0,0.14878749341771533,-0.00044113959609681785,0.0,1.0015223634270902
2019-02-20,0.0,0.0,0.14878749341771533,-0.011059119126515249,0.0,1.0015223634270902
2019-02-21,0.0,0.0,0.14878749341771533,0.0020819125438986674,0.0,1.0015223634270902
2019-02-22,0.0,0.0,0.14878749341771533,-0.0002340520324786155,0.0,1.0015223634270902
2019-02-25,0.0,0.0,0.14878749341771533,0.0012356992841544567,0.0,1.0015223634270902
2019-02-26,0.0,0.0,0.14878749341771533,-0.0064240505949690885,0.0,1.0015223634270902
2019-02-27,0.0,0.0,0.14878749341771533,-0.005304400689452038,0.0,1.0015223634270902
2019-02-28,0.0,0.0,0.14878749341771533,-0.015450073264673847,0.0,1.0015223634270902
2019-03-01,0.0,0.0,0.16579710832012814,-0.005180429107181972,0.0,1.0015223634270902
2019-03-04,0.0,0.0,0.16579710832012814,0.0008462800930617576,0.0,1.0015223634270902
2019-03-05,0.0,0.0,0.16579710832012814,-0.0008262206412945616,0.0,1.0015223634270902
2019-03-06,0.0,0.0,0.16579710832012814,-0.0009703128167481978,0.0,1.0015223634270902
2019-03-07,0.0,0.0,0.16579710832012814,0.009840699539092945,0.0,1.0015223634270902
2019-03-08,0.0,0.0,0.16579710832012814,-0.004231212607718859,0.0,1.0015223634270902
2019-03-11,0.0,0.0,0.16579710832012814,0.007013264832790966,0.0,1.0015223634270902
2019-03-12,0.0,0.0,0.16579710832012814,0.005503494390546315,0.0,1.0015223634270902
2019-03-13,0.0,0.0,0.16579710832012814,-0.009805843352173937,0.0,1.0015223634270902
2019-03-14,0.0,0.0,0.16579710832012814,0.004162634028291201,0.0,1.0015223634270902
2019-03-15,0.0,0.0,0.16579710832012814,0.0013712705777351175,0.0,1.0015223634270902
2019-03-18,0.0,0.0,0.16579710832012814,0.0018718652589573281,0.0,1.0015223634270902
2019-03-19,0.0,0.0,0.16579710832012814,0.006486782970955396,0.0,1.0015223634270902
2019-03-20,0.0,0.0,0.16579710832012814,-0.004264689441082936,0.0,1.0015223634270902
2019-03-21,0.0,0.0,0.16579710832012814,0.00351105560596654,0.0,1.0015223634270902
2019-03-22,0.0,0.0,0.16579710832012814,0.006080421031001926,0.0,1.0015223634270902
2019-03-25,0.0,0.0,0.16579710832012814,-0.004267972489305549,0.0,1.0015223634270902
2019-03-26,0.0,0.0,0.16579710832012814,-0.00505350502348012,0.0,1.0015223634270902
2019-03-27,0.0,0.0,0.16579710832012814,-0.013856113052962193,0.0,1.0015223634270902
2019-03-28,0.0,0.0,0.16579710832012814,0.0005769076108776972,0.0,1.0015223634270902
2019-03-29,0.0,0.0,0.16579710832012814,-0.003656822755174538,0.0,1.0015223634270902
2019-04-01,0.0,0.0,0.062764828339192,0.0038071158634824798,0.0,1.0015223634270902
2019-04-02,0.0,0.0,0.062764828339192,-0.0007605590101480431,0.0,1.0015223634270902
2019-04-03,0.0,0.0,0.062764828339192,0.0006941581118367068,0.0,1.0015223634270902
2019-04-04,0.0,0.0,0.062764828339192,-0.0004066958397075382,0.0,1.0015223634270902
2019-04-05,0.0,0.0,0.062764828339192,0.004942367896856759,0.0,1.0015223634270902
2019-04-08,0.0,0.0,0.062764828339192,0.005028538895683887,0.0,1.0015223634270902
2019-04-09,0.0,0.0,0.062764828339192,0.0028710251895693872,0.0,1.0015223634270902
2019-04-10,0.0,0.0,0.062764828339192,-0.012356954014451915,0.0,1.0015223634270902
2019-04-11,0.0,0.0,0.062764828339192,-0.0015006899788092554,0.0,1.0015223634270902
2019-04-12,0.0,0.0,0.062764828339192,-0.0015616479337925426,0.0,1.0015223634270902
2019-04-15,0.0,0.0,0.062764828339192,-0.009048518349251466,0.0,1.0015223634270902
2019-04-16,0.0,0.0,0.062764828339192,-0.0021063586922691613,0.0,1.0015223634270902
2019-04-17,0.0,0.0,0.062764828339192,0.0011183252903688157,0.0,1.0015223634270902
2019-04-18,0.0,0.0,0.062764828339192,-0.0005394478854263696,0.0,1.0015223634270902
2019-04-19,0.0,0.0,0.062764828339192,0.00020529617801035016,0.0,1.0015223634270902
2019-04-22,0.0,0.0,0.062764828339192,-0.002354701189126729,0.0,1.0015223634270902
2019-04-23,0.0,0.0,0.062764828339192,0.0024504847779383,0.0,1.0015223634270902
2019-04-24,0.0,0.0,0.062764828339192,0.0023967790919625642,0.0,1.0015223634270902
2019-04-25,0.0,0.0,0.062764828339192,0.005965573764481036,0.0,1.0015223634270902
2019-04-26,0.0,0.0,0.062764828339192,-0.004387401389074341,0.0,1.0015223634270902
2019-04-29,0.0,0.0,0.062764828339192,0.002543988890578497,0.0,1.0015223634270902
2019-04-30,0.0,0.0,0.062764828339192,-0.005120780618148579,0.0,1.0015223634270902
2019-05-01,0.0,0.0,0.0997822107755663,-0.004933892260472916,0.0,1.0015223634270902
2019-05-02,0.0,0.0,0.0997822107755663,0.006498658909163346,0.0,1.0015223634270902
2019-05-03,0.0,0.0,0.0997822107755663,0.002190703377129566,0.0,1.0015223634270902
2019-05-06,0.0,0.0,0.0997822107755663,0.0024724068425303614,0.0,1.0015223634270902
2019-05-07,0.0,0.0,0.0997822107755663,-0.0027382868599845622,0.0,1.0015223634270902
2019-05-08,0.0,0.0,0.0997822107755663,0.0018651125527240353,0.0,1.0015223634270902
2019-05-09,0.0,0.0,0.0997822107755663,0.0014203962086511979,0.0,1.0015223634270902
2019-05-10,0.0,0.0,0.0997822107755663,0.011980875036936567,0.0,1.0015223634270902
2019-05-13,0.0,0.0,0.0997822107755663,-0.003086893584303141,0.0,1.0015223634270902
2019-05-14,0.0,0.0,0.0997822107755663,-0.0002914194900727196,0.0,1.0015223634270902
2019-05-15,0.0,0.0,0.0997822107755663,-0.008330957095427749,0.0,1.0015223634270902
2019-05-16,0.0,0.0,0.0997822107755663,-0.0067454423441937195,0.0,1.0015223634270902
2019-05-17,0.0,0.0,0.0997822107755663,9.428983298942484e-05,0.0,1.0015223634270902
2019-05-20,0.0,0.0,0.0997822107755663,-0.0022970742332715233,0.0,1.0015223634270902
2019-05-21,0.0,0.0,0.0997822107755663,-0.00045778720065214884,0.0,1.0015223634270902
2019-05-22,0.0,0.0,0.0997822107755663,0.007663128071904168,0.0,1.0015223634270902
2019-05-23,0.0,0.0,0.0997822107755663,0.0010350370701317502,0.0,1.0015223634270902
2019-05-24,0.0,0.0,0.0997822107755663,0.000262992264455697,0.0,1.0015223634270902
2019-05-27,0.0,0.0,0.0997822107755663,-0.00430639649199982,0.0,1.0015223634270902
2019-05-28,0.0,0.0,0.0997822107755663,4.076945592235148e-05,0.0,1.0015223634270902
2019-05-29,0.0,0.0,0.0997822107755663,0.007649645445470199,0.0,1.0015223634270902
2019-05-30,0.0,0.0,0.0997822107755663,0.012114286371921246,0.0,1.0015223634270902
2019-05-31,0.0,0.0,0.0997822107755663,0.01521385365925454,0.0,1.0015223634270902
2019-06-03,0.0,0.0,0.05370882908363864,7.62908690967734e-05,0.0,1.0015223634270902
2019-06-04,0.0,0.0,0.05370882908363864,0.003967310171198335,0.0,1.0015223634270902
2019-06-05,0.0,0.0,0.05370882908363864,0.0023352438271331266,0.0,1.0015223634270902
2019-06-06,0.0,0.0,0.05370882908363864,0.004900432141559108,0.0,1.0015223634270902
2019-06-07,0.0,0.0,0.05370882908363864,-0.00861036560582562,0.0,1.0015223634270902
2019-06-10,0.0,0.0,0.05370882908363864,-0.0011316534049523597,0.0,1.0015223634270902
2019-06-11,0.0,0.0,0.05370882908363864,0.004445226151214676,0.0,1.0015223634270902
2019-06-12,0.0,0.0,0.05370882908363864,0.0075949081356796455,0.0,1.0015223634270902
2019-06-13,0.0,0.0,0.05370882908363864,-0.0018051846643327707,0.0,1.0015223634270902
2019-06-14,0.0,0.0,0.05370882908363864,-0.0009465484288959658,0.0,1.0015223634270902
2019-06-17,0.0,0.0,0.05370882908363864,0.004462337460178212,0.0,1.0015223634270902
2019-06-18,0.0,0.0,0.05370882908363864,0.009603003432950175,0.0,1.0015223634270902
2019-06-19,0.0,0.0,0.05370882908363864,0.022610551731477635,0.0,1.0015223634270902
2019-06-20,0.0,0.0,0.05370882908363864,0.0064188102576947514,0.0,1.0015223634270902
2019-06-21,0.0,0.0,0.05370882908363864,0.017126971187402695,0.0,1.0015223634270902
2019-06-24,0.0,0.0,0.05370882908363864,-0.0021121929726222177,0.0,1.0015223634270902
2019-06-25,0.0,0.0,0.05370882908363864,-0.007148300039683697,0.0,1.0015223634270902
2019-06-26,0.0,0.0,0.05370882908363864,0.00029545084454873916,0.0,1.0015223634270902
2019-06-27,0.0,0.0,0.05370882908363864,-0.0003904135164720657,0.0,1.0015223634270902
2019-06-28,0.0,0.0,0.05370882908363864,-0.01779948000000342,0.0,1.0015223634270902
2019-07-01,0.0,0.0,0.02131515605027397,0.029746020644730642,0.0,1.0015223634270902
2019-07-02,0.0,0.0,0.02131515605027397,-0.005779725651053447,0.0,1.0015223634270902
2019-07-03,0.0,0.0,0.02131515605027397,0.00027487464894004887,0.0,1.0015223634270902
2019-07-04,0.0,0.0,0.02131515605027397,-0.014036106565336048,0.0,1.0015223634270902
2019-07-05,0.0,0.0,0.02131515605027397,-0.003095488346539277,0.0,1.0015223634270902
2019-07-08,0.0,0.0,0.02131515605027397,0.0008526595490216948,0.0,1.0015223634270902
2019-07-09,0.0,0.0,0.02131515605027397,0.01786362044533707,0.0,1.0015223634270902
2019-07-10,0.0,0.0,0.02131515605027397,-0.01210207900997684,0.0,1.0015223634270902
2019-07-11,0.0,0.0,0.02131515605027397,0.008316895993436546,0.0,1.0015223634270902
2019-07-12,0.0,0.0,0.02131515605027397,-0.00036662377952101366,0.0,1.0015223634270902
2019-07-15,0.0,0.0,0.02131515605027397,-0.0070743694395085654,0.0,1.0015223634270902
2019-07-16,0.0,0.0,0.02131515605027397,0.014183475894470554,0.0,1.0015223634270902
2019-07-17,0.0,0.0,0.02131515605027397,0.013009391721326757,0.0,1.0015223634270902
2019-07-18,0.0,0.0,0.02131515605027397,-0.013337818352374242,0.0,1.0015223634270902
2019-07-19,0.0,0.0,0.02131515605027397,-0.0003768499588066021,0.0,1.0015223634270902
2019-07-22,0.0,0.0,0.02131515605027397,-0.0052745959240914075,0.0,1.0015223634270902
2019-07-23,0.0,0.0,0.02131515605027397,0.005907038270775544,0.0,1.0015223634270902
2019-07-24,0.0,0.0,0.02131515605027397,-0.007505503291523219,0.0,1.0015223634270902
2019-07-25,0.0,0.0,0.02131515605027397,0.002674331015333209,0.0,1.0015223634270902
2019-07-26,0.0,0.0,0.02131515605027397,0.004847855492019271,0.0,1.0015223634270902
2019-07-29,0.0,0.0,0.02131515605027397,0.003816561074129865,0.0,1.0015223634270902
2019-07-30,0.0,0.0,0.02131515605027397,-0.012662927843145155,0.0,1.0015223634270902
2019-07-31,0.0,0.0,0.02131515605027397,0.019631931078233578,0.0,1.0015223634270902
2019-08-01,0.0,0.0,0.018952936933501568,-2.3989316352945877e-05,0.0,1.0015223634270902
2019-08-02,0.0,0.0,0.018952936933501568,0.020732662908452326,0.0,1.0015223634270902
2019-08-05,0.0,0.0,0.018952936933501568,0.003482623646995364,0.0,1.0015223634270902
2019-08-06,0.0,0.0,0.018952936933501568,0.016981746560510658,0.0,1.0015223634270902
2019-08-07,0.0,0.0,0.018952936933501568,0.0009535762639201195,0.0,1.0015223634270902
2019-08-08,0.0,0.0,0.018952936933501568,-0.003758398352175618,0.0,1.0015223634270902
2019-08-09,0.0,0.0,0.018952936933501568,0.009979441723229954,0.0,1.0015223634270902
2019-08-12,0.0,0.0,0.018952936933501568,-0.007199182140149141,0.0,1.0015223634270902
2019-08-13,0.0,0.0,0.018952936933501568,0.010345144470390366,0.0,1.0015223634270902
2019-08-14,0.0,0.0,0.018952936933501568,0.00534108581863979,0.0,1.0015223634270902
2019-08-15,0.0,0.0,0.018952936933501568,-0.0076124730002389285,0.0,1.0015223634270902
2019-08-16,0.0,0.0,0.018952936933501568,-0.01149367930908518,0.0,1.0015223634270902
2019-08-19,0.0,0.0,0.018952936933501568,0.006845748577445576,0.0,1.0015223634270902
2019-08-20,0.0,0.0,0.018952936933501568,-0.002368690099983084,0.0,1.0015223634270902
2019-08-21,0.0,0.0,0.018952936933501568,-0.003390869328152135,0.0,1.0015223634270902
2019-08-22,0.0,0.0,0.018952936933501568,0.019028557112583222,0.0,1.0015223634270902
2019-08-23,0.0,0.0,0.018952936933501568,0.0009097316676625056,0.0,1.0015223634270902
2019-08-26,0.0,0.0,0.018952936933501568,0.009844973169868432,0.0,1.0015223634270902
2019-08-27,0.0,0.0,0.018952936933501568,-0.0027810972528170552,0.0,1.0015223634270902
2019-08-28,0.0,0.0,0.018952936933501568,-0.006778297904413755,0.0,1.0015223634270902
2019-08-29,0.0,0.0,0.018952936933501568,-0.00493060620400243,0.0,1.0015223634270902
2019-08-30,0.0,0.0,0.018952936933501568,0.004583117088198918,0.0,1.0015223634270902
2019-09-02,0.0,0.0,0.018118356574625277,0.013650311003039484,0.0,1.0015223634270902
2019-09-03,0.0,0.0,0.018118356574625277,0.0021826556565676114,0.0,1.0015223634270902
2019-09-04,0.0,0.0,0.018118356574625277,-0.022049543103362268,0.0,1.0015223634270902
2019-09-05,0.0,0.0,0.018118356574625277,-0.007436202742785447,0.0,1.0015223634270902
2019-09-06,0.0,0.0,0.018118356574625277,-0.006297352539200496,0.0,1.0015223634270902
2019-09-09,0.0,0.0,0.018118356574625277,-0.007161283580982669,0.0,1.0015223634270902
2019-09-10,0.0,0.0,0.018118356574625277,0.004936486827962661,0.0,1.0015223634270902
2019-09-11,0.0,0.0,0.018118356574625277,0.0024006636253490754,0.0,1.0015223634270902
2019-09-12,0.0,0.0,0.018118356574625277,-0.0063631396825591935,0.0,1.0015223634270902
2019-09-13,0.0,0.0,0.018118356574625277,0.0061752413232856185,0.0,1.0015223634270902
2019-09-16,0.0,0.0,0.018118356574625277,0.0026097243678115944,0.0,1.0015223634270902
2019-09-17,0.0,0.0,0.018118356574625277,-0.006545446394794041,0.0,1.0015223634270902
2019-09-18,0.0,0.0,0.018118356574625277,0.005079496593505262,0.0,1.0015223634270902
2019-09-19,0.0,0.0,0.018118356574625277,0.011701380506703885,0.0,1.0015223634270902
2019-09-20,0.0,0.0,0.018118356574625277,0.0030669057982892767,0.0,1.0015223634270902
2019-09-23,0.0,0.0,0.018118356574625277,0.006575592809572761,0.0,1.0015223634270902
2019-09-24,0.0,0.0,0.018118356574625277,-0.01727383300395502,0.0,1.0015223634270902
2019-09-25,0.0,0.0,0.018118356574625277,0.0004251846887139976,0.0,1.0015223634270902
2019-09-26,0.0,0.0,0.018118356574625277,-0.006112016855483127,0.0,1.0015223634270902
2019-09-27,0.0,0.0,0.018118356574625277,-0.016213319769026846,0.0,1.0015223634270902
2019-09-30,0.0,0.0,0.018118356574625277,0.005283313643753118,0.0,1.0015223634270902
2019-10-01,0.0,0.0,0.036833988312137675,0.012694580617632845,0.0,1.0015223634270902
2019-10-02,0.0,0.0,0.036833988312137675,0.005062989706424936,0.0,1.0015223634270902
2019-10-03,0.0,0.0,0.036833988312137675,-0.0019557252209825293,0.0,1.0015223634270902
2019-10-04,0.0,0.0,0.036833988312137675,-0.0077001167939281245,0.0,1.0015223634270902
2019-10-07,0.0,0.0,0.036833988312137675,0.009854384286348328,0.0,1.0015223634270902
2019-10-08,0.0,0.0,0.036833988312137675,0.0027914940886084594,0.0,1.0015223634270902
2019-10-09,0.0,0.0,0.036833988312137675,-0.011559950554002718,0.0,1.0015223634270902
2019-10-10,0.0,0.0,0.036833988312137675,-0.0036665927209789118,0.0,1.0015223634270902
2019-10-11,0.0,0.0,0.036833988312137675,0.002283808936109466,0.0,1.0015223634270902
2019-10-14,0.0,0.0,0.036833988312137675,-0.007232862843639332,0.0,1.0015223634270902
2019-10-15,0.0,0.0,0.036833988312137675,0.005700662811912949,0.0,1.0015223634270902
2019-10-16,0.0,0.0,0.036833988312137675,0.001621267105156754,0.0,1.0015223634270902
2019-10-17,0.0,0.0,0.036833988312137675,-0.001436771384264901,0.0,1.0015223634270902
2019-10-18,0.0,0.0,0.036833988312137675,-0.0041429268279919995,0.0,1.0015223634270902
2019-10-21,0.0,0.0,0.036833988312137675,0.002803753399333253,0.0,1.0015223634270902
2019-10-22,0.0,0.0,0.036833988312137675,0.002668684513917441,0.0,1.0015223634270902
2019-10-23,0.0,0.0,0.036833988312137675,0.007395414343855933,0.0,1.0015223634270902
2019-10-24,0.0,0.0,0.036833988312137675,0.0005952646470763767,0.0,1.0015223634270902
2019-10-25,0.0,0.0,0.036833988312137675,-0.007947309744564812,0.0,1.0015223634270902
2019-10-28,0.0,0.0,0.036833988312137675,-0.0031103126611897736,0.0,1.0015223634270902
2019-10-29,0.0,0.0,0.036833988312137675,0.0050195618753949844,0.0,1.0015223634270902
2019-10-30,0.0,0.0,0.036833988312137675,0.011729510898747186,0.0,1.0015223634270902
2019-10-31,0.0,0.0,0.036833988312137675,0.00044902936206181465,0.0,1.0015223634270902
2019-11-01,0.0,0.0,0.09657716123388614,-0.004026811211788939,0.0,1.0015223634270902
2019-11-04,0.0,0.0,0.09657716123388614,-0.01561314447619555,0.0,1.0015223634270902
2019-11-05,0.0,0.0,0.09657716123388614,0.00426150110669532,0.0,1.0015223634270902
2019-11-06,0.0,0.0,0.09657716123388614,-0.014863732889486059,0.0,1.0015223634270902
2019-11-07,0.0,0.0,0.09657716123388614,-0.006837714555772756,0.0,1.0015223634270902
2019-11-08,0.0,0.0,0.09657716123388614,-0.001830216821506525,0.0,1.0015223634270902
2019-11-11,0.0,0.0,0.09657716123388614,0.0014034481804632293,0.0,1.0015223634270902
2019-11-12,0.0,0.0,0.09657716123388614,0.004002431290254016,0.0,1.0015223634270902
2019-11-13,0.0,0.0,0.09657716123388614,0.003721516450980289,0.0,1.0015223634270902
2019-11-14,0.0,0.0,0.09657716123388614,-0.0012265684510115449,0.0,1.0015223634270902
2019-11-15,0.0,0.0,0.09657716123388614,0.002799935222311589,0.0,1.0015223634270902
2019-11-18,0.0,0.0,0.09657716123388614,0.002106424766083137,0.0,1.0015223634270902
2019-11-19,0.0,0.0,0.09657716123388614,-7.426264505472346e-05,0.0,1.0015223634270902
2019-11-20,0.0,0.0,0.09657716123388614,-0.006658296803403019,0.0,1.0015223634270902
2019-11-21,0.0,0.0,0.09657716123388614,-0.001491246450496142,0.0,1.0015223634270902
2019-11-22,0.0,0.0,0.09657716123388614,-0.00585279459839505,0.0,1.0015223634270902
2019-11-25,0.0,0.0,0.09657716123388614,0.004570490577149755,0.0,1.0015223634270902
2019-11-26,0.0,0.0,0.09657716123388614,-0.0021321519045640613,0.0,1.0015223634270902
2019-11-27,0.0,0.0,0.09657716123388614,-0.0009214481853847545,0.0,1.0015223634270902
2019-11-28,0.0,0.0,0.09657716123388614,0.005485537033274035,0.0,1.0015223634270902
2019-11-29,0.0,0.0,0.09657716123388614,-0.0010911915317892706,0.0,1.0015223634270902
2019-12-02,0.0,0.0,0.05433721542961353,0.009963047849226747,0.0,1.0015223634270902
2019-12-03,0.0,0.0,0.05433721542961353,-0.001169015064547807,0.0,1.0015223634270902
2019-12-04,0.0,0.0,0.05433721542961353,0.0006870553723672401,0.0,1.0015223634270902
2019-12-05,0.0,0.0,0.05433721542961353,-0.010994018746583123,0.0,1.0015223634270902
2019-12-06,0.0,0.0,0.05433721542961353,0.000815139035559298,0.0,1.0015223634270902
2019-12-09,0.0,0.0,0.05433721542961353,0.0018783929480434836,0.0,1.0015223634270902
2019-12-10,0.0,0.0,0.05433721542961353,0.007185048948278094,0.0,1.0015223634270902
2019-12-11,0.0,0.0,0.05433721542961353,-0.006133411961563695,0.0,1.0015223634270902
2019-12-12,0.0,0.0,0.05433721542961353,0.006747310064434409,0.0,1.0015223634270902
2019-12-13,0.0,0.0,0.05433721542961353,-0.0003476578282448628,0.0,1.0015223634270902
2019-12-16,0.0,0.0,0.05433721542961353,0.00022696237685781995,0.0,1.0015223634270902
2019-12-17,0.0,0.0,0.05433721542961353,4.082375853808884e-05,0.0,1.0015223634270902
2019-12-18,0.0,0.0,0.05433721542961353,0.0022623809401371986,0.0,1.0015223634270902
2019-12-19,0.0,0.0,0.05433721542961353,-0.0003382702537999549,0.0,1.0015223634270902
2019-12-20,0.0,0.0,0.05433721542961353,0.004947092923514695,0.0,1.0015223634270902
2019-12-23,0.0,0.0,0.05433721542961353,0.008908855362580681,0.0,1.0015223634270902
2019-12-24,0.0,0.0,0.05433721542961353,0.00027069549574676444,0.0,1.0015223634270902
2019-12-25,0.0,0.0,0.05433721542961353,0.00767338193437439,0.0,1.0015223634270902
2019-12-26,0.0,0.0,0.05433721542961353,-0.00014084500245381548,0.0,1.0015223634270902
2019-12-27,0.0,0.0,0.05433721542961353,0.00292037879219631,0.0,1.0015223634270902
2019-12-30,0.0,0.0,0.05433721542961353,0.00203132339410228,0.0,1.0015223634270902
2019-12-31,0.0,0.0,0.05433721542961353,0.0005551916506849608,0.0,1.0015223634270902
2020-01-01,0.0,0.0,0.05069079706464467,0.006345418464367647,0.0,1.0015223634270902
2020-01-02,0.0,0.0,0.05069079706464467,0.014070579785412818,0.0,1.0015223634270902
2020-01-03,0.0,0.0,0.05069079706464467,0.009061870007495365,0.0,1.0015223634270902
2020-01-06,0.0,0.0,0.05069079706464467,0.014431818425847176,0.0,1.0015223634270902
2020-01-07,0.0,0.0,0.05069079706464467,-0.01884265092174875,0.0,1.0015223634270902
2020-01-08,0.0,0.0,0.05069079706464467,-0.0033525863053318616,0.0,1.0015223634270902
2020-01-09,0.0,0.0,0.05069079706464467,0.005901763068188792,0.0,1.0015223634270902
2020-01-10,0.0,0.0,0.05069079706464467,-0.009939263413416555,0.0,1.0015223634270902
2020-01-13,0.0,0.0,0.05069079706464467,0.0024612756998871888,0.0,1.0015223634270902
2020-01-14,0.0,0.0,0.05069079706464467,0.0037776678923941986,0.0,1.0015223634270902
2020-01-15,0.0,0.0,0.05069079706464467,-0.002273096978530731,0.0,1.0015223634270902
2020-01-16,0.0,0.0,0.05069079706464467,0.003121906739805169,0.0,1.0015223634270902
2020-01-17,0.0,0.0,0.05069079706464467,0.002838521302677144,0.0,1.0015223634270902
2020-01-20,0.0,0.0,0.05069079706464467,-0.0030351678376421276,0.0,1.0015223634270902
2020-01-21,0.0,0.0,0.05069079706464467,0.0025637294369005303,0.0,1.0015223634270902
2020-01-22,0.0,0.0,0.05069079706464467,0.00033208651393490385,0.0,1.0015223634270902
2020-01-23,0.0,0.0,0.05069079706464467,0.006139709745527355,0.0,1.0015223634270902
2020-01-24,0.0,0.0,0.05069079706464467,0.006790457325842603,0.0,1.0015223634270902
2020-01-27,0.0,0.0,0.05069079706464467,-0.009155804514922039,0.0,1.0015223634270902
2020-01-28,0.0,0.0,0.05069079706464467,0.006224537942921771,0.0,1.0015223634270902
2020-01-29,0.0,0.0,0.05069079706464467,-0.001537655562554363,0.0,1.0015223634270902
2020-01-30,0.0,0.0,0.05069079706464467,0.008776818978301293,0.0,1.0015223634270902
2020-01-31,0.0,0.0,0.05069079706464467,-0.00648115646874281,0.0,1.0015223634270902
2020-02-03,0.0,0.0,0.16835978541961572,-0.015594263948959686,0.0,1.0015223634270902
2020-02-04,0.0,0.0,0.16835978541961572,0.0013297706702779521,0.0,1.0015223634270902
2020-02-05,0.0,0.0,0.16835978541961572,0.006339624658250997,0.0,1.0015223634270902
2020-02-06,0.0,0.0,0.16835978541961572,0.002743360895086866,0.0,1.0015223634270902
2020-02-07,0.0,0.0,0.16835978541961572,0.0012671252438103409,0.0,1.0015223634270902
2020-02-10,0.0,0.0,0.16835978541961572,-0.0030286643912038613,0.0,1.0015223634270902
2020-02-11,0.0,0.0,0.16835978541961572,0.0006045589827143871,0.0,1.0015223634270902
2020-02-12,0.0,0.0,0.16835978541961572,0.005511882422874592,0.0,1.0015223634270902
2020-02-13,0.0,0.0,0.16835978541961572,0.004664913384321068,0.0,1.0015223634270902
2020-02-14,0.0,0.0,0.16835978541961572,0.00011389806583572692,0.0,1.0015223634270902
2020-02-17,0.0,0.0,0.16835978541961572,0.01027785600792086,0.0,1.0015223634270902
2020-02-18,0.0,0.0,0.16835978541961572,0.006129091562617539,0.0,1.0015223634270902
2020-02-19,0.0,0.0,0.16835978541961572,0.0067875579705356515,0.0,1.0015223634270902
2020-02-20,0.0,0.0,0.16835978541961572,0.013617003761524415,0.0,1.0015223634270902
2020-02-21,0.0,0.0,0.16835978541961572,0.007135131224148772,0.0,1.0015223634270902
2020-02-24,0.0,0.0,0.16835978541961572,-0.010614186722147423,0.0,1.0015223634270902
2020-02-25,0.0,0.0,0.16835978541961572,0.002710535200099784,0.0,1.0015223634270902
2020-02-26,0.0,0.0,0.16835978541961572,0.0008665786712978019,0.0,1.0015223634270902
2020-02-27,0.0,0.0,0.16835978541961572,-0.0363962329575207,0.0,1.0015223634270902
2020-02-28,0.0,0.0,0.16835978541961572,0.0043359460391174665,0.0,1.0015223634270902
2020-03-02,0.0,0.0,0.443631080427042,0.0328143617705452,0.0,1.0015223634270902
2020-03-03,0.0,0.0,0.443631080427042,-0.005371820962903229,0.0,1.0015223634270902
2020-03-04,0.0,0.0,0.443631080427042,0.022572489603049917,0.0,1.0015223634270902
2020-03-05,0.0,0.0,0.443631080427042,0.0003254855140211177,0.0,1.0015223634270902
2020-03-06,0.0,0.0,0.443631080427042,-0.0046637227634303,0.0,1.0015223634270902
2020-03-09,0.0,0.0,0.443631080427042,-0.00846278783847243,0.0,1.0015223634270902
2020-03-10,0.0,0.0,0.443631080427042,-0.005936712419009282,0.0,1.0015223634270902
2020-03-11,0.0,0.0,0.443631080427042,-0.04114695407614999,0.0,1.0015223634270902
2020-03-12,0.0,0.0,0.443631080427042,-0.030469075258367617,0.0,1.0015223634270902
2020-03-13,0.0,0.0,0.443631080427042,-0.01452612832153477,0.0,1.0015223634270902
2020-03-16,0.0,0.0,0.443631080427042,0.021123323734887123,0.0,1.0015223634270902
2020-03-17,0.0,0.0,0.443631080427042,-0.028090428325179495,0.0,1.0015223634270902
2020-03-18,0.0,0.0,0.443631080427042,-0.017619063681680203,0.0,1.0015223634270902
2020-03-19,0.0,0.0,0.443631080427042,0.018174798751871002,0.0,1.0015223634270902
2020-03-20,0.0,0.0,0.443631080427042,0.04245475670483856,0.0,1.0015223634270902
2020-03-23,0.0,0.0,0.443631080427042,0.04541556455331275,0.0,1.0015223634270902
2020-03-24,0.0,0.0,0.443631080427042,-0.015480984157539623,0.0,1.0015223634270902
2020-03-25,0.0,0.0,0.443631080427042,0.009387222496267889,0.0,1.0015223634270902
2020-03-26,0.0,0.0,0.443631080427042,-0.0016514466965373842,0.0,1.0015223634270902
2020-03-27,0.0,0.0,0.443631080427042,-0.0036935026004139004,0.0,1.0015223634270902
2020-03-30,0.0,0.0,0.443631080427042,-0.025023903278499127,0.0,1.0015223634270902
2020-03-31,0.0,0.0,0.443631080427042,0.009536027418156401,0.0,1.0015223634270902
2020-04-01,0.0,0.0,0.145093546496867,0.013222637082262345,0.0,1.0015223634270902
2020-04-02,0.0,0.0,0.145093546496867,0.004034289345027808,0.0,1.0015223634270902
2020-04-03,0.0,0.0,0.145093546496867,0.026992247174852046,0.0,1.0015223634270902
2020-04-06,0.0,0.0,0.145093546496867,-0.009054875194056677,0.0,1.0015223634270902
2020-04-07,0.0,0.0,0.145093546496867,-0.0010717393086450144,0.0,1.0015223634270902
2020-04-08,0.0,0.0,0.145093546496867,0.022080652998486272,0.0,1.0015223634270902
2020-04-09,0.0,0.0,0.145093546496867,0.0014477449153726951,0.0,1.0015223634270902
2020-04-10,0.0,0.0,0.145093546496867,0.018204056451195605,0.0,1.0015223634270902
2020-04-13,0.0,0.0,0.145093546496867,0.005286657469874889,0.0,1.0015223634270902
2020-04-14,0.0,0.0,0.145093546496867,-0.0057805386381524215,0.0,1.0015223634270902
2020-04-15,0.0,0.0,0.145093546496867,-0.0007464441443456593,0.0,1.0015223634270902
2020-04-16,0.0,0.0,0.145093546496867,-0.018086052722249057,0.0,1.0015223634270902
2020-04-17,0.0,0.0,0.145093546496867,0.004605259534688599,0.0,1.0015223634270902
2020-04-20,0.0,0.0,0.145093546496867,-0.002626706898627873,0.0,1.0015223634270902
2020-04-21,0.0,0.0,0.145093546496867,0.01465368207966744,0.0,1.0015223634270902
2020-04-22,0.0,0.0,0.145093546496867,0.009611406078311902,0.0,1.0015223634270902
2020-04-23,0.0,0.0,0.145093546496867,-0.0005760799804157557,0.0,1.0015223634270902
2020-04-24,0.0,0.0,0.145093546496867,-0.009865170976357085,0.0,1.0015223634270902
2020-04-27,0.0,0.0,0.145093546496867,-0.0033807387933615374,0.0,1.0015223634270902
2020-04-28,0.0,0.0,0.145093546496867,0.0055101253499412195,0.0,1.0015223634270902
2020-04-29,0.0,0.0,0.145093546496867,-0.016998402393235246,0.0,1.0015223634270902
2020-04-30,0.0,0.0,0.145093546496867,0.008411953398216099,0.0,1.0015223634270902
2020-05-01,0.0,0.0,0.04778170054925723,0.0017083531593682366,0.0,1.0015223634270902
2020-05-04,0.0,0.0,0.04778170054925723,0.000913514014970751,0.0,1.0015223634270902
2020-05-05,0.0,0.0,0.04778170054925723,-0.009563218230022485,0.0,1.0015223634270902
2020-05-06,0.0,0.0,0.04778170054925723,0.016165395947023598,0.0,1.0015223634270902
2020-05-07,0.0,0.0,0.04778170054925723,-0.007999777999546431,0.0,1.0015223634270902
2020-05-08,0.0,0.0,0.04778170054925723,-0.0028774459436409217,0.0,1.0015223634270902
2020-05-11,0.0,0.0,0.04778170054925723,0.003164074929621563,0.0,1.0015223634270902
2020-05-12,0.0,0.0,0.04778170054925723,0.008654677634084784,0.0,1.0015223634270902
2020-05-13,0.0,0.0,0.04778170054925723,0.008938752330831079,0.0,1.0015223634270902
2020-05-14,0.0,0.0,0.04778170054925723,0.005810458076169311,0.0,1.0015223634270902
2020-05-15,0.0,0.0,0.04778170054925723,-0.004912803568317692,0.0,1.0015223634270902
2020-05-18,0.0,0.0,0.04778170054925723,0.006127547436287628,0.0,1.0015223634270902
2020-05-19,0.0,0.0,0.04778170054925723,0.0016192994852373133,0.0,1.0015223634270902
2020-05-20,0.0,0.0,0.04778170054925723,-0.012404254434970063,0.0,1.0015223634270902
2020-05-21,0.0,0.0,0.04778170054925723,0.00525803963053928,0.0,1.0015223634270902
2020-05-22,0.0,0.0,0.04778170054925723,-0.004432519970766435,0.0,1.0015223634270902
2020-05-25,0.0,0.0,0.04778170054925723,-0.009089324492598472,0.0,1.0015223634270902
2020-05-26,0.0,0.0,0.04778170054925723,-0.0008225467354874283,0.0,1.0015223634270902
2020-05-27,0.0,0.0,0.04778170054925723,0.005506051369829734,0.0,1.0015223634270902
2020-05-28,0.0,0.0,0.04778170054925723,0.005512798784190309,0.0,1.0015223634270902
2020-05-29,0.0,0.0,0.04778170054925723,0.007186112067816275,0.0,1.0015223634270902
2020-06-01,0.0,0.0,0.0551541676147902,-0.008418766288369461,0.0,1.0015223634270902
2020-06-02,0.0,0.0,0.0551541676147902,-0.01617281395577219,0.0,1.0015223634270902
2020-06-03,0.0,0.0,0.0551541676147902,0.007756111818808087,0.0,1.0015223634270902
2020-06-04,0.0,0.0,0.0551541676147902,-0.017038285837151612,0.0,1.0015223634270902
2020-06-05,0.0,0.0,0.0551541676147902,0.008156002995908018,0.0,1.0015223634270902
2020-06-08,0.0,0.0,0.0551541676147902,0.009344915462275338,0.0,1.0015223634270902
2020-06-09,0.0,0.0,0.0551541676147902,0.012527731886425642,0.0,1.0015223634270902
2020-06-10,0.0,0.0,0.0551541676147902,-0.004315629658987241,0.0,1.0015223634270902
2020-06-11,0.0,0.0,0.0551541676147902,0.0019144624345894812,0.0,1.0015223634270902
2020-06-12,0.0,0.0,0.0551541676147902,-0.003862285930546605,0.0,1.0015223634270902
2020-06-15,0.0,0.0,0.0551541676147902,0.0012599657818439525,0.0,1.0015223634270902
2020-06-16,0.0,0.0,0.0551541676147902,0.0006450182764927703,0.0,1.0015223634270902
2020-06-17,0.0,0.0,0.0551541676147902,-0.0026015106625507656,0.0,1.0015223634270902
2020-06-18,0.0,0.0,0.0551541676147902,0.011211569044118797,0.0,1.0015223634270902
2020-06-19,0.0,0.0,0.0551541676147902,0.006814703392362453,0.0,1.0015223634270902
2020-06-22,0.0,0.0,0.0551541676147902,0.00777924190528978,0.0,1.0015223634270902
2020-06-23,0.0,0.0,0.0551541676147902,-0.0034212509025861593,0.0,1.0015223634270902
2020-06-24,0.0,0.0,0.0551541676147902,0.0012804098042487055,0.0,1.0015223634270902
2020-06-25,0.0,0.0,0.0551541676147902,0.0033223166755718125,0.0,1.0015223634270902
2020-06-26,0.0,0.0,0.0551541676147902,0.0014242544507236943,0.0,1.0015223634270902
2020-06-29,0.0,0.0,0.0551541676147902,0.005780831176616097,0.0,1.0015223634270902
2020-06-30,0.0,0.0,0.0551541676147902,-0.008568447838310789,0.0,1.0015223634270902
2020-07-01,0.0,0.0,0.07993524494260236,0.0042513593981121645,0.0,1.0015223634270902
2020-07-02,0.0,0.0,0.07993524494260236,1.9199315875795264e-05,0.0,1.0015223634270902
2020-07-03,0.0,0.0,0.07993524494260236,0.005234177293112374,0.0,1.0015223634270902
2020-07-06,0.0,0.0,0.07993524494260236,0.005545024873724991,0.0,1.0015223634270902
2020-07-07,0.0,0.0,0.07993524494260236,0.007682320225883998,0.0,1.0015223634270902
2020-07-08,0.0,0.0,0.07993524494260236,-0.0024490163963379885,0.0,1.0015223634270902
2020-07-09,0.0,0.0,0.07993524494260236,-0.0030516920945506953,0.0,1.0015223634270902
2020-07-10,0.0,0.0,0.07993524494260236,0.0017117910990833707,0.0,1.0015223634270902
2020-07-13,0.0,0.0,0.07993524494260236,0.003596256000701459,0.0,1.0015223634270902
2020-07-14,0.0,0.0,0.07993524494260236,0.001957321226211839,0.0,1.0015223634270902
2020-07-15,0.0,0.0,0.07993524494260236,-0.007839086206578472,0.0,1.0015223634270902
2020-07-16,0.0,0.0,0.07993524494260236,0.006963443015770565,0.0,1.0015223634270902
2020-07-17,0.0,0.0,0.07993524494260236,0.004256288595327895,0.0,1.0015223634270902
2020-07-20,0.0,0.0,0.07993524494260236,0.013258996518325183,0.0,1.0015223634270902
2020-07-21,0.0,0.0,0.07993524494260236,0.014532829433717254,0.0,1.0015223634270902
2020-07-22,0.0,0.0,0.07993524494260236,0.008450482133633308,0.0,1.0015223634270902
2020-07-23,0.0,0.0,0.07993524494260236,0.008440127022613986,0.0,1.0015223634270902
2020-07-24,0.0,0.0,0.07993524494260236,0.029044222165290456,0.0,1.0015223634270902
2020-07-27,0.0,0.0,0.07993524494260236,2.125109876782716e-05,0.0,1.0015223634270902
2020-07-28,0.0,0.0,0.07993524494260236,0.0056757448411248745,0.0,1.0015223634270902
2020-07-29,0.0,0.0,0.07993524494260236,-0.005408987905619611,0.0,1.0015223634270902
2020-07-30,0.0,0.0,0.07993524494260236,0.008354441280727265,0.0,1.0015223634270902
2020-07-31,0.0,0.0,0.07993524494260236,0.00047806361446056655,0.0,1.0015223634270902
2020-08-03,0.0,0.0,0.07894424969025594,0.026547886632052986,0.0,1.0015223634270902
2020-08-04,0.0,0.0,0.07894424969025594,0.00398907326548148,0.0,1.0015223634270902
2020-08-05,0.0,0.0,0.07894424969025594,0.01610956354013382,0.0,1.0015223634270902
2020-08-06,0.0,0.0,0.07894424969025594,-0.017244320852442208,0.0,1.0015223634270902
2020-08-07,0.0,0.0,0.07894424969025594,-0.002686739693957385,0.0,1.0015223634270902
2020-08-10,0.0,0.0,0.07894424969025594,-0.05951623429622366,0.0,1.0015223634270902
2020-08-11,0.0,0.0,0.07894424969025594,0.0056116387566511605,0.0,1.0015223634270902
2020-08-12,0.0,0.0,0.07894424969025594,0.018487898084397436,0.0,1.0015223634270902
2020-08-13,0.0,0.0,0.07894424969025594,-0.006957202805918605,0.0,1.0015223634270902
2020-08-14,0.0,0.0,0.07894424969025594,0.02033458117184228,0.0,1.0015223634270902
2020-08-17,0.0,0.0,0.07894424969025594,0.009525317988764215,0.0,1.0015223634270902
2020-08-18,0.0,0.0,0.07894424969025594,-0.03776787230345757,0.0,1.0015223634270902
2020-08-19,0.0,0.0,0.07894424969025594,0.010286636365328228,0.0,1.0015223634270902
2020-08-20,0.0,0.0,0.07894424969025594,-0.005118502594776864,0.0,1.0015223634270902
2020-08-21,0.0,0.0,0.07894424969025594,-0.004222191282470256,0.0,1.0015223634270902
2020-08-24,0.0,0.0,0.07894424969025594,-0.000836698824724813,0.0,1.0015223634270902
2020-08-25,0.0,0.0,0.07894424969025594,0.012362813722842425,0.0,1.0015223634270902
2020-08-26,0.0,0.0,0.07894424969025594,-0.013120890927504014,0.0,1.0015223634270902
2020-08-27,0.0,0.0,0.07894424969025594,0.0188455110352157,0.0,1.0015223634270902
2020-08-28,0.0,0.0,0.07894424969025594,0.002064192017483535,0.0,1.0015223634270902
2020-08-31,0.0,0.0,0.07894424969025594,0.001530764489263703,0.0,1.0015223634270902
2020-09-01,0.0,0.0,0.01410283143447292,-0.013980300018232583,0.0,1.0015223634270902
2020-09-02,0.0,0.0,0.01410283143447292,-0.007944436329971438,0.0,1.0015223634270902
2020-09-03,0.0,0.0,0.01410283143447292,0.0023093076104006016,0.0,1.0015223634270902
2020-09-04,0.0,0.0,0.01410283143447292,-0.001734200427219612,0.0,1.0015223634270902
2020-09-07,0.0,0.0,0.01410283143447292,0.0003123511609883778,0.0,1.0015223634270902
2020-09-08,0.0,0.0,0.01410283143447292,0.008838932238410813,0.0,1.0015223634270902
2020-09-09,0.0,0.0,0.01410283143447292,2.5416618642637445e-05,0.0,1.0015223634270902
2020-09-10,0.0,0.0,0.01410283143447292,-0.003405055465754536,0.0,1.0015223634270902
2020-09-11,0.0,0.0,0.01410283143447292,0.008046109425196235,0.0,1.0015223634270902
2020-09-14,0.0,0.0,0.01410283143447292,-0.0013896901460439537,0.0,1.0015223634270902
2020-09-15,0.0,0.0,0.01410283143447292,0.002962562858679796,0.0,1.0015223634270902
2020-09-16,0.0,0.0,0.01410283143447292,-0.00698083764833779,0.0,1.0015223634270902
2020-09-17,0.0,0.0,0.01410283143447292,0.0017679986343122067,0.0,1.0015223634270902
2020-09-18,0.0,0.0,0.01410283143447292,-0.017923019334458168,0.0,1.0015223634270902
2020-09-21,0.0,0.0,0.01410283143447292,-0.006470307142265597,0.0,1.0015223634270902
2020-09-22,0.0,0.0,0.01410283143447292,-0.02386304451264376,0.0,1.0015223634270902
2020-09-23,0.0,0.0,0.01410283143447292,0.005607267975843655,0.0,1.0015223634270902
2020-09-24,0.0,0.0,0.01410283143447292,-0.003859091964335981,0.0,1.0015223634270902
2020-09-25,0.0,0.0,0.01410283143447292,0.01121476037582081,0.0,1.0015223634270902
2020-09-28,0.0,0.0,0.01410283143447292,0.00808694063973281,0.0,1.0015223634270902
2020-09-29,0.0,0.0,0.01410283143447292,-0.00570375070310547,0.0,1.0015223634270902
2020-09-30,0.0,0.0,0.01410283143447292,0.00941422275960857,0.0,1.0015223634270902
2020-10-01,0.0,0.0,0.0118821174658677,-0.0024634960478255863,0.0,1.0015223634270902
2020-10-02,0.0,0.0,0.0118821174658677,0.0066200604245798544,0.0,1.0015223634270902
2020-10-05,0.0,0.0,0.0118821174658677,-0.017649652815830308,0.0,1.0015223634270902
2020-10-06,0.0,0.0,0.0118821174658677,0.0042682839036576325,0.0,1.0015223634270902
2020-10-07,0.0,0.0,0.0118821174658677,0.0037448255619647597,0.0,1.0015223634270902
2020-10-08,0.0,0.0,0.0118821174658677,0.01881318170359414,0.0,1.0015223634270902
2020-10-09,0.0,0.0,0.0118821174658677,-0.00287633230721962,0.0,1.0015223634270902
2020-10-12,0.0,0.0,0.0118821174658677,-0.016691056541277227,0.0,1.0015223634270902
2020-10-13,0.0,0.0,0.0118821174658677,0.003293280438423807,0.0,1.0015223634270902
2020-10-14,0.0,0.0,0.0118821174658677,0.0039021957602747293,0.0,1.0015223634270902
2020-10-15,0.0,0.0,0.0118821174658677,-0.004080087192833481,0.0,1.0015223634270902
2020-10-16,0.0,0.0,0.0118821174658677,0.0028745084105867846,0.0,1.0015223634270902
2020-10-19,0.0,0.0,0.0118821174658677,0.002995602582581469,0.0,1.0015223634270902
2020-10-20,0.0,0.0,0.0118821174658677,0.006915489903374983,0.0,1.0015223634270902
2020-10-21,0.0,0.0,0.0118821174658677,-0.009608166216075631,0.0,1.0015223634270902
2020-10-22,0.0,0.0,0.0118821174658677,-0.0017933676087045214,0.0,1.0015223634270902
2020-10-23,0.0,0.0,0.0118821174658677,0.0002654356832385574,0.0,1.0015223634270902
2020-10-26,0.0,0.0,0.0118821174658677,0.0020536842471097216,0.0,1.0015223634270902
2020-10-27,0.0,0.0,0.0118821174658677,-0.014182857712050634,0.0,1.0015223634270902
2020-10-28,0.0,0.0,0.0118821174658677,-0.005597228276745803,0.0,1.0015223634270902
2020-10-29,0.0,0.0,0.0118821174658677,0.005623496736305356,0.0,1.0015223634270902
2020-10-30,0.0,0.0,0.0118821174658677,0.008400831770931205,0.0,1.0015223634270902
2020-11-02,0.0,0.0,0.013023802900480637,0.008867062057040798,0.0,1.0015223634270902
2020-11-03,0.0,0.0,0.013023802900480637,-0.0038145487676253254,0.0,1.0015223634270902
2020-11-04,0.0,0.0,0.013023802900480637,0.021960111985851682,0.0,1.0015223634270902
2020-11-05,0.0,0.0,0.013023802900480637,0.0027977481136671756,0.0,1.0015223634270902
2020-11-06,0.0,0.0,0.013023802900480637,-0.04443692284454048,0.0,1.0015223634270902
2020-11-09,0.0,0.0,0.013023802900480637,0.004954255474871161,0.0,1.0015223634270902
2020-11-10,0.0,0.0,0.013023802900480637,-0.006004994630448124,0.0,1.0015223634270902
2020-11-11,0.0,0.0,0.013023802900480637,0.005741571789205757,0.0,1.0015223634270902
2020-11-12,0.0,0.0,0.013023802900480637,0.006448018678285372,0.0,1.0015223634270902
2020-11-13,0.0,0.0,0.013023802900480637,0.0007013811446689999,0.0,1.0015223634270902
2020-11-16,0.0,0.0,0.013023802900480637,-0.00422625162438095,0.0,1.0015223634270902
2020-11-17,0.0,0.0,0.013023802900480637,-0.00507708149287911,0.0,1.0015223634270902
2020-11-18,0.0,0.0,0.013023802900480637,-0.004107729474538857,0.0,1.0015223634270902
2020-11-19,0.0,0.0,0.013023802900480637,0.003780812101012998,0.0,1.0015223634270902
2020-11-20,0.0,0.0,0.013023802900480637,-0.01913787081526319,0.0,1.0015223634270902
2020-11-23,0.0,0.0,0.013023802900480637,-0.015122856211375435,0.0,1.0015223634270902
2020-11-24,0.0,0.0,0.013023802900480637,-0.0005349775961382974,0.0,1.0015223634270902
2020-11-25,0.0,0.0,0.013023802900480637,0.0011530183477139744,0.0,1.0015223634270902
2020-11-26,0.0,0.0,0.013023802900480637,-0.012110659897724751,0.0,1.0015223634270902
2020-11-27,0.0,0.0,0.013023802900480637,-0.005180413541782336,0.0,1.0015223634270902
2020-11-30,0.0,0.0,0.013023802900480637,0.019046625490036106,0.0,1.0015223634270902
2020-12-01,0.0,0.0,0.039914353089622094,0.010176368083097742,0.0,1.0015223634270902
2020-12-02,0.0,0.0,0.039914353089622094,0.005198450512515329,0.0,1.0015223634270902
2020-12-03,0.0,0.0,0.039914353089622094,-0.001246681589531562,0.0,1.0015223634270902
2020-12-04,0.0,0.0,0.039914353089622094,0.014104477656073477,0.0,1.0015223634270902
2020-12-07,0.0,0.0,0.039914353089622094,0.0030931171961823267,0.0,1.0015223634270902
2020-12-08,0.0,0.0,0.039914353089622094,-0.018444557254650995,0.0,1.0015223634270902
2020-12-09,0.0,0.0,0.039914353089622094,0.0003698476336033707,0.0,1.0015223634270902
2020-12-10,0.0,0.0,0.039914353089622094,0.001219950045998175,0.0,1.0015223634270902
2020-12-11,0.0,0.0,0.039914353089622094,-0.006201922627848688,0.0,1.0015223634270902
2020-12-14,0.0,0.0,0.039914353089622094,0.013569248094877473,0.0,1.0015223634270902
2020-12-15,0.0,0.0,0.039914353089622094,0.006537984329373359,0.0,1.0015223634270902
2020-12-16,0.0,0.0,0.039914353089622094,0.0105034026223505,0.0,1.0015223634270902
2020-12-17,0.0,0.0,0.039914353089622094,-0.0020762438445576237,0.0,1.0015223634270902
2020-12-18,0.0,0.0,0.039914353089622094,-0.001165977159034881,0.0,1.0015223634270902
2020-12-21,0.0,0.0,0.039914353089622094,-0.008095526656199503,0.0,1.0015223634270902
2020-12-22,0.0,0.0,0.039914353089622094,0.00494675143436929,0.0,1.0015223634270902
2020-12-23,0.0,0.0,0.039914353089622094,0.00209171762413618,0.0,1.0015223634270902
2020-12-24,0.0,0.0,0.039914353089622094,-0.0001314748329557247,0.0,1.0015223634270902
2020-12-25,0.0,0.0,0.039914353089622094,-0.0006942364808040224,0.0,1.0015223634270902
2020-12-28,0.0,0.0,0.039914353089622094,0.002130550403985687,0.0,1.0015223634270902
2020-12-29,0.0,0.0,0.039914353089622094,0.00812078414860995,0.0,1.0015223634270902
2020-12-30,0.0,0.0,0.039914353089622094,0.0011047179388139483,0.0,1.0015223634270902
2020-12-31,0.0,0.0,0.039914353089622094,0.0002831700502001766,0.0,1.0015223634270902
2021-01-01,0.0,0.0,0.06206650127633611,0.023550024139329828,0.0,1.0015223634270902
2021-01-04,0.0,0.0,0.06206650127633611,0.003968539033238905,0.0,1.0015223634270902
2021-01-05,0.0,0.0,0.06206650127633611,-0.014282816484379346,0.0,1.0015223634270902
2021-01-06,0.0,0.0,0.06206650127633611,-0.0036833527216142414,0.0,1.0015223634270902
2021-01-07,0.0,0.0,0.06206650127633611,-0.035265789473324816,0.0,1.0015223634270902
2021-01-08,0.0,0.0,0.06206650127633611,-0.000976534931785622,0.0,1.0015223634270902
2021-01-11,0.0,0.0,0.06206650127633611,0.005607933069692095,0.0,1.0015223634270902
2021-01-12,0.0,0.0,0.06206650127633611,-0.005680549463734863,0.0,1.0015223634270902
2021-01-13,0.0,0.0,0.06206650127633611,0.00036292558923545215,0.0,1.0015223634270902
2021-01-14,0.0,0.0,0.06206650127633611,-0.010825005602703719,0.0,1.0015223634270902
2021-01-15,0.0,0.0,0.06206650127633611,0.005466710286282428,0.0,1.0015223634270902
2021-01-18,0.0,0.0,0.06206650127633611,0.0017435799634828442,0.0,1.0015223634270902
2021-01-19,0.0,0.0,0.06206650127633611,0.015821723477816185,0.0,1.0015223634270902
2021-01-20,0.0,0.0,0.06206650127633611,-0.00023981591673027935,0.0,1.0015223634270902
2021-01-21,0.0,0.0,0.06206650127633611,-0.008032662860558482,0.0,1.0015223634270902
2021-01-22,0.0,0.0,0.06206650127633611,0.00034653944105134116,0.0,1.0015223634270902
2021-01-25,0.0,0.0,0.06206650127633611,-0.0021769138462639503,0.0,1.0015223634270902
2021-01-26,0.0,0.0,0.06206650127633611,-0.005729977306904388,0.0,1.0015223634270902
2021-01-27,0.0,0.0,0.06206650127633611,0.001338649441476214,0.0,1.0015223634270902
2021-01-28,0.0,0.0,0.06206650127633611,0.0016703725040452255,0.0,1.0015223634270902
2021-01-29,0.0,0.0,0.06206650127633611,0.006865074254057468,0.0,1.0015223634270902
2021-02-01,0.0,0.0,0.08640467327338668,-0.011627172465401792,0.0,1.0015223634270902
2021-02-02,0.0,0.0,0.08640467327338668,-0.0016922898764653027,0.0,1.0015223634270902
2021-02-03,0.0,0.0,0.08640467327338668,-0.02202281340235057,0.0,1.0015223634270902
2021-02-04,0.0,0.0,0.08640467327338668,0.01034783075168555,0.0,1.0015223634270902
2021-02-05,0.0,0.0,0.08640467327338668,0.009724610691099755,0.0,1.0015223634270902
2021-02-08,0.0,0.0,0.08640467327338668,0.0028859360555175684,0.0,1.0015223634270902
2021-02-09,0.0,0.0,0.08640467327338668,0.0032265633414629846,0.0,1.0015223634270902
2021-02-10,0.0,0.0,0.08640467327338668,-0.00828679154285794,0.0,1.0015223634270902
2021-02-11,0.0,0.0,0.08640467327338668,-0.001327083572586929,0.0,1.0015223634270902
2021-02-12,0.0,0.0,0.08640467327338668,-0.003225033605788852,0.0,1.0015223634270902
2021-02-15,0.0,0.0,0.08640467327338668,-0.015450728464594832,0.0,1.0015223634270902
2021-02-16,0.0,0.0,0.08640467327338668,-0.0070855129883034,0.0,1.0015223634270902
2021-02-17,0.0,0.0,0.08640467327338668,-0.0028431938108806065,0.0,1.0015223634270902
2021-02-18,0.0,0.0,0.08640467327338668,0.006150333857947388,0.0,1.0015223634270902
2021-02-19,0.0,0.0,0.08640467327338668,0.014713915875363526,0.0,1.0015223634270902
2021-02-22,0.0,0.0,0.08640467327338668,-0.0027193883301857014,0.0,1.0015223634270902
2021-02-23,0.0,0.0,0.08640467327338668,-0.0012659208737071381,0.0,1.0015223634270902
2021-02-24,0.0,0.0,0.08640467327338668,-0.01842929840880103,0.0,1.0015223634270902
2021-02-25,0.0,0.0,0.08640467327338668,-0.020759792798976662,0.0,1.0015223634270902
2021-02-26,0.0,0.0,0.08640467327338668,-0.0055556098882751925,0.0,1.0015223634270902
2021-03-01,0.0,0.0,0.15643232057012893,0.007392804065015746,0.0,1.0015223634270902
2021-03-02,0.0,0.0,0.15643232057012893,-0.015549333184404546,0.0,1.0015223634270902
2021-03-03,0.0,0.0,0.15643232057012893,-0.008609847945968419,0.0,1.0015223634270902
2021-03-04,0.0,0.0,0.15643232057012893,0.003148078926879627,0.0,1.0015223634270902
2021-03-05,0.0,0.0,0.15643232057012893,-0.010450783082826653,0.0,1.0015223634270902
2021-03-08,0.0,0.0,0.15643232057012893,0.01901427179454629,0.0,1.0015223634270902
2021-03-09,0.0,0.0,0.15643232057012893,0.006482568525379762,0.0,1.0015223634270902
2021-03-10,0.0,0.0,0.15643232057012893,-0.0022426849555383654,0.0,1.0015223634270902
2021-03-11,0.0,0.0,0.15643232057012893,0.002375316860946164,0.0,1.0015223634270902
2021-03-12,0.0,0.0,0.15643232057012893,0.0022739564540659174,0.0,1.0015223634270902
2021-03-15,0.0,0.0,0.15643232057012893,2.368041543121535e-05,0.0,1.0015223634270902
2021-03-16,0.0,0.0,0.15643232057012893,0.00934449083173483,0.0,1.0015223634270902
2021-03-17,0.0,0.0,0.15643232057012893,-0.006328443547375606,0.0,1.0015223634270902
2021-03-18,0.0,0.0,0.15643232057012893,0.00517523168705214,0.0,1.0015223634270902
2021-03-19,0.0,0.0,0.15643232057012893,-0.0034229015286539877,0.0,1.0015223634270902
2021-03-22,0.0,0.0,0.15643232057012893,-0.006912922648290909,0.0,1.0015223634270902
2021-03-23,0.0,0.0,0.15643232057012893,0.00452596761473778,0.0,1.0015223634270902
2021-03-24,0.0,0.0,0.15643232057012893,-0.004507172772442836,0.0,1.0015223634270902
2021-03-25,0.0,0.0,0.15643232057012893,0.003114197066717672,0.0,1.0015223634270902
2021-03-26,0.0,0.0,0.15643232057012893,-0.011869860889401451,0.0,1.0015223634270902
2021-03-29,0.0,0.0,0.15643232057012893,-0.01563414880381142,0.0,1.0015223634270902
2021-03-30,0.0,0.0,0.15643232057012893,0.012638696139537942,0.0,1.0015223634270902
2021-03-31,0.0,0.0,0.15643232057012893,0.013528967398441338,0.0,1.0015223634270902
2021-04-01,0.0,0.0,0.14476932424437128,0.0009182333955717326,0.0,1.0015223634270902
2021-04-02,0.0,0.0,0.14476932424437128,-0.0014559128113154074,0.0,1.0015223634270902
2021-04-05,0.0,0.0,0.14476932424437128,0.00791142227832875,0.0,1.0015223634270902
2021-04-06,0.0,0.0,0.14476932424437128,-0.0036054199003148213,0.0,1.0015223634270902
2021-04-07,0.0,0.0,0.14476932424437128,0.010368262110159066,0.0,1.0015223634270902
2021-04-08,0.0,0.0,0.14476932424437128,-0.00618435541372353,0.0,1.0015223634270902
2021-04-09,0.0,0.0,0.14476932424437128,-0.006602962260561895,0.0,1.0015223634270902
2021-04-12,0.0,0.0,0.14476932424437128,0.007847894864367433,0.0,1.0015223634270902
2021-04-13,0.0,0.0,0.14476932424437128,-0.005731711420756902,0.0,1.0015223634270902
2021-04-14,0.0,0.0,0.14476932424437128,0.015624899612264542,0.0,1.0015223634270902
2021-04-15,0.0,0.0,0.14476932424437128,0.007341111310075199,0.0,1.0015223634270902
2021-04-16,0.0,0.0,0.14476932424437128,-0.002871667657475818,0.0,1.0015223634270902
2021-04-19,0.0,0.0,0.14476932424437128,0.0029367769968420276,0.0,1.0015223634270902
2021-04-20,0.0,0.0,0.14476932424437128,0.009822991806611725,0.0,1.0015223634270902
2021-04-21,0.0,0.0,0.14476932424437128,-0.006156836921359599,0.0,1.0015223634270902
2021-04-22,0.0,0.0,0.14476932424437128,-0.003602906357198954,0.0,1.0015223634270902
2021-04-23,0.0,0.0,0.14476932424437128,0.0017614390830855697,0.0,1.0015223634270902
2021-04-26,0.0,0.0,0.14476932424437128,-0.002149413204146633,0.0,1.0015223634270902
2021-04-27,0.0,0.0,0.14476932424437128,0.0036442189773318034,0.0,1.0015223634270902
2021-04-28,0.0,0.0,0.14476932424437128,-0.005661519726212205,0.0,1.0015223634270902
2021-04-29,0.0,0.0,0.14476932424437128,-0.001928443619936715,0.0,1.0015223634270902
2021-04-30,0.0,0.0,0.14476932424437128,0.013057961493289305,0.0,1.0015223634270902
2021-05-03,0.0,0.0,0.12202216530977968,-0.00760285542695005,0.0,1.0015223634270902
2021-05-04,0.0,0.0,0.12202216530977968,0.003948242200531027,0.0,1.0015223634270902
2021-05-05,0.0,0.0,0.12202216530977968,0.016173702214413943,0.0,1.0015223634270902
2021-05-06,0.0,0.0,0.12202216530977968,0.00886865494146516,0.0,1.0015223634270902
2021-05-07,0.0,0.0,0.12202216530977968,0.002314305276256867,0.0,1.0015223634270902
2021-05-10,0.0,0.0,0.12202216530977968,0.0002293837297768775,0.0,1.0015223634270902
2021-05-11,0.0,0.0,0.12202216530977968,-0.0102443928446041,0.0,1.0015223634270902
2021-05-12,0.0,0.0,0.12202216530977968,0.004660430134090454,0.0,1.0015223634270902
2021-05-13,0.0,0.0,0.12202216530977968,0.009877574042210568,0.0,1.0015223634270902
2021-05-14,0.0,0.0,0.12202216530977968,0.013154618897460502,0.0,1.0015223634270902
2021-05-17,0.0,0.0,0.12202216530977968,0.0005785222198602114,0.0,1.0015223634270902
2021-05-18,0.0,0.0,0.12202216530977968,-0.0012039631589075839,0.0,1.0015223634270902
2021-05-19,0.0,0.0,0.12202216530977968,0.004021572532961315,0.0,1.0015223634270902
2021-05-20,0.0,0.0,0.12202216530977968,0.0032938802067477013,0.0,1.0015223634270902
2021-05-21,0.0,0.0,0.12202216530977968,-0.0012794674108880244,0.0,1.0015223634270902
2021-05-24,0.0,0.0,0.12202216530977968,0.010651465838610541,0.0,1.0015223634270902
2021-05-25,0.0,0.0,0.12202216530977968,-0.0009007110388044026,0.0,1.0015223634270902
2021-05-26,0.0,0.0,0.12202216530977968,0.0002907885777228003,0.0,1.0015223634270902
2021-05-27,0.0,0.0,0.12202216530977968,0.0037701334627344707,0.0,1.0015223634270902
2021-05-28,0.0,0.0,0.12202216530977968,0.0017113491364124656,0.0,1.0015223634270902
2021-05-31,0.0,0.0,0.12202216530977968,-0.004601587099113402,0.0,1.0015223634270902
2021-06-01,0.0,0.0,0.052886546201803365,0.00483402509888986,0.0,1.0015223634270902
2021-06-02,0.0,0.0,0.052886546201803365,-0.019382712975391847,0.0,1.0015223634270902
2021-06-03,0.0,0.0,0.052886546201803365,0.010143039686258959,0.0,1.0015223634270902
2021-06-04,0.0,0.0,0.052886546201803365,0.004208925971437516,0.0,1.0015223634270902
2021-06-07,0.0,0.0,0.052886546201803365,-0.0026848358203759304,0.0,1.0015223634270902
2021-06-08,0.0,0.0,0.052886546201803365,-0.002253823176071812,0.0,1.0015223634270902
2021-06-09,0.0,0.0,0.052886546201803365,0.004686667439495196,0.0,1.0015223634270902
2021-06-10,0.0,0.0,0.052886546201803365,-0.011370703992798603,0.0,1.0015223634270902
2021-06-11,0.0,0.0,0.052886546201803365,-0.005576495712797502,0.0,1.0015223634270902
2021-06-14,0.0,0.0,0.052886546201803365,-0.003968937943212403,0.0,1.0015223634270902
2021-06-15,0.0,0.0,0.052886546201803365,-0.02307771435878081,0.0,1.0015223634270902
2021-06-16,0.0,0.0,0.052886546201803365,-0.022784524938630035,0.0,1.0015223634270902
2021-06-17,0.0,0.0,0.052886546201803365,-0.006559314054850773,0.0,1.0015223634270902
2021-06-18,0.0,0.0,0.052886546201803365,0.010815641758786576,0.0,1.0015223634270902
2021-06-21,0.0,0.0,0.052886546201803365,-0.003019896419486301,0.0,1.0015223634270902
2021-06-22,0.0,0.0,0.052886546201803365,-8.951802265944053e-05,0.0,1.0015223634270902
2021-06-23,0.0,0.0,0.052886546201803365,-0.001050256219045309,0.0,1.0015223634270902
2021-06-24,0.0,0.0,0.052886546201803365,0.003261634689828874,0.0,1.0015223634270902
2021-06-25,0.0,0.0,0.052886546201803365,-0.0015746230881532597,0.0,1.0015223634270902
2021-06-28,0.0,0.0,0.052886546201803365,-0.009984647392921708,0.0,1.0015223634270902
2021-06-29,0.0,0.0,0.052886546201803365,0.004173464267265281,0.0,1.0015223634270902
2021-06-30,0.0,0.0,0.052886546201803365,0.004461224734327196,0.0,1.0015223634270902
2021-07-01,0.0,0.0,0.05229593472715796,0.006486361605540836,0.0,1.0015223634270902
2021-07-02,0.0,0.0,0.05229593472715796,0.00222299210674759,0.0,1.0015223634270902
2021-07-05,0.0,0.0,0.05229593472715796,0.002258131267897312,0.0,1.0015223634270902
2021-07-06,0.0,0.0,0.05229593472715796,0.004555628368822617,0.0,1.0015223634270902
2021-07-07,0.0,0.0,0.05229593472715796,-9.709662032708621e-05,0.0,1.0015223634270902
2021-07-08,0.0,0.0,0.05229593472715796,0.0024830787647305286,0.0,1.0015223634270902
2021-07-09,0.0,0.0,0.05229593472715796,-0.0006290668512765052,0.0,1.0015223634270902
2021-07-12,0.0,0.0,0.05229593472715796,-0.0005256248174285716,0.0,1.0015223634270902
2021-07-13,0.0,0.0,0.05229593472715796,0.010977479554718172,0.0,1.0015223634270902
2021-07-14,0.0,0.0,0.05229593472715796,0.0015630747489305818,0.0,1.0015223634270902
2021-07-15,0.0,0.0,0.05229593472715796,-0.009546471475510465,0.0,1.0015223634270902
2021-07-16,0.0,0.0,0.05229593472715796,9.214337920049331e-05,0.0,1.0015223634270902
2021-07-19,0.0,0.0,0.05229593472715796,-0.0013246388076550986,0.0,1.0015223634270902
2021-07-20,0.0,0.0,0.05229593472715796,-0.003730937368751519,0.0,1.0015223634270902
2021-07-21,0.0,0.0,0.05229593472715796,0.002657057631036963,0.0,1.0015223634270902
2021-07-22,0.0,0.0,0.05229593472715796,-0.0031183226490130167,0.0,1.0015223634270902
2021-07-23,0.0,0.0,0.05229593472715796,-0.0022010054173309257,0.0,1.0015223634270902
2021-07-26,0.0,0.0,0.05229593472715796,0.0007036776862969774,0.0,1.0015223634270902
2021-07-27,0.0,0.0,0.05229593472715796,0.005054632187208696,0.0,1.0015223634270902
2021-07-28,0.0,0.0,0.05229593472715796,0.011902718849553295,0.0,1.0015223634270902
2021-07-29,0.0,0.0,0.05229593472715796,-0.008700157163681332,0.0,1.0015223634270902
2021-07-30,0.0,0.0,0.05229593472715796,-0.0008218790508038865,0.0,1.0015223634270902
2021-08-02,0.0,0.0,0.03219007760888456,-0.0008995986819213542,0.0,1.0015223634270902
2021-08-03,0.0,0.0,0.03219007760888456,0.0003724204725292779,0.0,1.0015223634270902
2021-08-04,0.0,0.0,0.03219007760888456,-0.004081047575636099,0.0,1.0015223634270902
2021-08-05,0.0,0.0,0.03219007760888456,-0.02290471719334075,0.0,1.0015223634270902
2021-08-06,0.0,0.0,0.03219007760888456,-0.018300443319015258,0.0,1.0015223634270902
2021-08-09,0.0,0.0,0.03219007760888456,-0.0020927035492848134,0.0,1.0015223634270902
2021-08-10,0.0,0.0,0.03219007760888456,0.013788319180288333,0.0,1.0015223634270902
2021-08-11,0.0,0.0,0.03219007760888456,0.000978526552396275,0.0,1.0015223634270902
2021-08-12,0.0,0.0,0.03219007760888456,0.014617997060094368,0.0,1.0015223634270902
2021-08-13,0.0,0.0,0.03219007760888456,0.0048413779315454875,0.0,1.0015223634270902
2021-08-16,0.0,0.0,0.03219007760888456,-0.001091141234270232,0.0,1.0015223634270902
2021-08-17,0.0,0.0,0.03219007760888456,0.0011507936260031215,0.0,1.0015223634270902
2021-08-18,0.0,0.0,0.03219007760888456,-0.004761986939445961,0.0,1.0015223634270902
2021-08-19,0.0,0.0,0.03219007760888456,0.0012327616559684174,0.0,1.0015223634270902
2021-08-20,0.0,0.0,0.03219007760888456,0.013006634238311499,0.0,1.0015223634270902
2021-08-23,0.0,0.0,0.03219007760888456,-0.00162115586202205,0.0,1.0015223634270902
2021-08-24,0.0,0.0,0.03219007760888456,-0.00591417298951491,0.0,1.0015223634270902
2021-08-25,0.0,0.0,0.03219007760888456,0.0006329687247790261,0.0,1.0015223634270902
2021-08-26,0.0,0.0,0.03219007760888456,0.013826368804118694,0.0,1.0015223634270902
2021-08-27,0.0,0.0,0.03219007760888456,-0.0037600173611149756,0.0,1.0015223634270902
2021-08-30,0.0,0.0,0.03219007760888456,0.0019418036591511978,0.0,1.0015223634270902
2021-08-31,0.0,0.0,0.03219007760888456,-0.0007985789582525271,0.0,1.0015223634270902
2021-09-01,0.0,0.0,0.04741576292809493,-0.002074428130504735,0.0,1.0015223634270902
2021-09-02,0.0,0.0,0.04741576292809493,0.010000448462528233,0.0,1.0015223634270902
2021-09-03,0.0,0.0,0.04741576292809493,-0.0018604211849586605,0.0,1.0015223634270902
2021-09-06,0.0,0.0,0.04741576292809493,-0.015914679994683212,0.0,1.0015223634270902
2021-09-07,0.0,0.0,0.04741576292809493,-0.0024877095136357497,0.0,1.0015223634270902
2021-09-08,0.0,0.0,0.04741576292809493,0.002412585711126347,0.0,1.0015223634270902
2021-09-09,0.0,0.0,0.04741576292809493,-0.0038656599088291443,0.0,1.0015223634270902
2021-09-10,0.0,0.0,0.04741576292809493,0.002732718811133239,0.0,1.0015223634270902
2021-09-13,0.0,0.0,0.04741576292809493,0.0063732565018161935,0.0,1.0015223634270902
2021-09-14,0.0,0.0,0.04741576292809493,-0.005565927018612804,0.0,1.0015223634270902
2021-09-15,0.0,0.0,0.04741576292809493,-0.02280185332247342,0.0,1.0015223634270902
2021-09-16,0.0,0.0,0.04741576292809493,0.00019185427093226792,0.0,1.0015223634270902
2021-09-17,0.0,0.0,0.04741576292809493,0.00568296340174701,0.0,1.0015223634270902
2021-09-20,0.0,0.0,0.04741576292809493,0.00617846888911,0.0,1.0015223634270902
2021-09-21,0.0,0.0,0.04741576292809493,-0.0044745953681593065,0.0,1.0015223634270902
2021-09-22,0.0,0.0,0.04741576292809493,-0.01294378952737052,0.0,1.0015223634270902
2021-09-23,0.0,0.0,0.04741576292809493,0.003326447495449969,0.0,1.0015223634270902
2021-09-24,0.0,0.0,0.04741576292809493,0.00027856712375928794,0.0,1.0015223634270902
2021-09-27,0.0,0.0,0.04741576292809493,-0.009057874379550412,0.0,1.0015223634270902
2021-09-28,0.0,0.0,0.04741576292809493,-0.003845065739684017,0.0,1.0015223634270902
2021-09-29,0.0,0.0,0.04741576292809493,0.015131297099046037,0.0,1.0015223634270902
2021-09-30,0.0,0.0,0.04741576292809493,0.003372622987602547,0.0,1.0015223634270902
2021-10-01,0.0,0.0,0.06345901878800181,0.004243798625764406,0.0,1.0015223634270902
2021-10-04,0.0,0.0,0.06345901878800181,-0.004624243585813481,0.0,1.0015223634270902
2021-10-05,0.0,0.0,0.06345901878800181,0.001937864745271689,0.0,1.0015223634270902
2021-10-06,0.0,0.0,0.06345901878800181,-0.004797652685835985,0.0,1.0015223634270902
2021-10-07,0.0,0.0,0.06345901878800181,0.001179960045543993,0.0,1.0015223634270902
2021-10-08,0.0,0.0,0.06345901878800181,-0.0018037727125497227,0.0,1.0015223634270902
2021-10-11,0.0,0.0,0.06345901878800181,0.003676911138100536,0.0,1.0015223634270902
2021-10-12,0.0,0.0,0.06345901878800181,0.017945173279409588,0.0,1.0015223634270902
2021-10-13,0.0,0.0,0.06345901878800181,0.0017370195060424365,0.0,1.0015223634270902
2021-10-14,0.0,0.0,0.06345901878800181,-0.015769230720827032,0.0,1.0015223634270902
2021-10-15,0.0,0.0,0.06345901878800181,-0.0017728400190808458,0.0,1.0015223634270902
2021-10-18,0.0,0.0,0.06345901878800181,0.002884566723997395,0.0,1.0015223634270902
2021-10-19,0.0,0.0,0.06345901878800181,0.007233716934340606,0.0,1.0015223634270902
2021-10-20,0.0,0.0,0.06345901878800181,0.001363338536025438,0.0,1.0015223634270902
2021-10-21,0.0,0.0,0.06345901878800181,0.004412309211292431,0.0,1.0015223634270902
2021-10-22,0.0,0.0,0.06345901878800181,0.008638502955253813,0.0,1.0015223634270902
2021-10-25,0.0,0.0,0.06345901878800181,-0.008395350243927346,0.0,1.0015223634270902
2021-10-26,0.0,0.0,0.06345901878800181,0.0019194741688650652,0.0,1.0015223634270902
2021-10-27,0.0,0.0,0.06345901878800181,0.001515254067154359,0.0,1.0015223634270902
2021-10-28,0.0,0.0,0.06345901878800181,-0.008937828241856849,0.0,1.0015223634270902
2021-10-29,0.0,0.0,0.06345901878800181,0.005263036768225149,0.0,1.0015223634270902
2021-11-01,0.0,0.0,0.10234997635921844,-0.0025708694762682782,0.0,1.0015223634270902
2021-11-02,0.0,0.0,0.10234997635921844,-0.007561647205430511,0.0,1.0015223634270902
2021-11-03,0.0,0.0,0.10234997635921844,0.009787781739944101,0.0,1.0015223634270902
2021-11-04,0.0,0.0,0.10234997635921844,0.014315314512827193,0.0,1.0015223634270902
2021-11-05,0.0,0.0,0.10234997635921844,0.003831542101062624,0.0,1.0015223634270902
2021-11-08,0.0,0.0,0.10234997635921844,0.0029064436834609353,0.0,1.0015223634270902
2021-11-09,0.0,0.0,0.10234997635921844,0.010367228105908843,0.0,1.0015223634270902
2021-11-10,0.0,0.0,0.10234997635921844,0.007077114029998555,0.0,1.0015223634270902
2021-11-11,0.0,0.0,0.10234997635921844,0.0014448481564484084,0.0,1.0015223634270902
2021-11-12,0.0,0.0,0.10234997635921844,-0.0010036157173010096,0.0,1.0015223634270902
2021-11-15,0.0,0.0,0.10234997635921844,-0.006562743224257872,0.0,1.0015223634270902
2021-11-16,0.0,0.0,0.10234997635921844,0.00847297239279765,0.0,1.0015223634270902
2021-11-17,0.0,0.0,0.10234997635921844,-0.004072872617576273,0.0,1.0015223634270902
2021-11-18,0.0,0.0,0.10234997635921844,-0.007372909622830548,0.0,1.0015223634270902
2021-11-19,0.0,0.0,0.10234997635921844,-0.020655359265581374,0.0,1.0015223634270902
2021-11-22,0.0,0.0,0.10234997635921844,-0.009873093587661863,0.0,1.0015223634270902
2021-11-23,0.0,0.0,0.10234997635921844,-0.0004087180319585215,0.0,1.0015223634270902
2021-11-24,0.0,0.0,0.10234997635921844,0.0010347948620470504,0.0,1.0015223634270902
2021-11-25,0.0,0.0,0.10234997635921844,0.0009553225925422737,0.0,1.0015223634270902
2021-11-26,0.0,0.0,0.10234997635921844,0.0010252101850385387,0.0,1.0015223634270902
2021-11-29,0.0,0.0,0.10234997635921844,-0.005471486834464301,0.0,1.0015223634270902
2021-11-30,0.0,0.0,0.10234997635921844,-0.007407246090466835,0.0,1.0015223634270902
2021-12-01,0.0,0.0,0.11546675536463283,0.005643112104423587,0.0,1.0015223634270902
2021-12-02,0.0,0.0,0.11546675536463283,-0.007384618578791802,0.0,1.0015223634270902
2021-12-03,0.0,0.0,0.11546675536463283,0.007154782910262725,0.0,1.0015223634270902
2021-12-06,0.0,0.0,0.11546675536463283,0.0003097908936249283,0.0,1.0015223634270902
2021-12-07,0.0,0.0,0.11546675536463283,0.001344447145640082,0.0,1.0015223634270902
2021-12-08,0.0,0.0,0.11546675536463283,0.0008450817595520022,0.0,1.0015223634270902
2021-12-09,0.0,0.0,0.11546675536463283,-0.0009804783177997933,0.0,1.0015223634270902
2021-12-10,0.0,0.0,0.11546675536463283,0.001294063020266023,0.0,1.0015223634270902
2021-12-13,0.0,0.0,0.11546675536463283,0.0016951660734187968,0.0,1.0015223634270902
2021-12-14,0.0,0.0,0.11546675536463283,-0.009237267296015261,0.0,1.0015223634270902
2021-12-15,0.0,0.0,0.11546675536463283,0.00590597152415917,0.0,1.0015223634270902
2021-12-16,0.0,0.0,0.11546675536463283,0.008810549203701612,0.0,1.0015223634270902
2021-12-17,0.0,0.0,0.11546675536463283,-0.004473810584969762,0.0,1.0015223634270902
2021-12-20,0.0,0.0,0.11546675536463283,-0.0004802040368598881,0.0,1.0015223634270902
2021-12-21,0.0,0.0,0.11546675536463283,0.007962388552392063,0.0,1.0015223634270902
2021-12-22,0.0,0.0,0.11546675536463283,0.00249093758947172,0.0,1.0015223634270902
2021-12-23,0.0,0.0,0.11546675536463283,-0.00020456002525026662,0.0,1.0015223634270902
2021-12-24,0.0,0.0,0.11546675536463283,0.001778774519549664,0.0,1.0015223634270902
2021-12-27,0.0,0.0,0.11546675536463283,-0.0026860390150336144,0.0,1.0015223634270902
2021-12-28,0.0,0.0,0.11546675536463283,-0.0014844815572523373,0.0,1.0015223634270902
2021-12-29,0.0,0.0,0.11546675536463283,0.006326410487565326,0.0,1.0015223634270902
2021-12-30,0.0,0.0,0.11546675536463283,0.007397032960036576,0.0,1.0015223634270902
2021-12-31,0.0,0.0,0.11546675536463283,-0.014305476429231412,0.0,1.0015223634270902
2022-01-03,0.0,0.0,0.11986496154190548,0.005674046219618312,0.0,1.0015223634270902
2022-01-04,0.0,0.0,0.11986496154190548,-0.0015287712063409842,0.0,1.0015223634270902
2022-01-05,0.0,0.0,0.11986496154190548,-0.010945609832941905,0.0,1.0015223634270902
2022-01-06,0.0,0.0,0.11986496154190548,0.0032056319958018165,0.0,1.0015223634270902
2022-01-07,0.0,0.0,0.11986496154190548,0.0026780612648629187,0.0,1.0015223634270902
2022-01-10,0.0,0.0,0.11986496154190548,0.010992525441423595,0.0,1.0015223634270902
2022-01-11,0.0,0.0,0.11986496154190548,4.116380641594475e-05,0.0,1.0015223634270902
2022-01-12,0.0,0.0,0.11986496154190548,3.0236441720177254e-05,0.0,1.0015223634270902
2022-01-13,0.0,0.0,0.11986496154190548,-0.0021817787533437993,0.0,1.0015223634270902
2022-01-14,0.0,0.0,0.11986496154190548,0.00048067047545607977,0.0,1.0015223634270902
2022-01-17,0.0,0.0,0.11986496154190548,-0.002209826832359596,0.0,1.0015223634270902
2022-01-18,0.0,0.0,0.11986496154190548,0.013683519761653606,0.0,1.0015223634270902
2022-01-19,0.0,0.0,0.11986496154190548,-0.0004308757574760236,0.0,1.0015223634270902
2022-01-20,0.0,0.0,0.11986496154190548,-0.002322755999167647,0.0,1.0015223634270902
2022-01-21,0.0,0.0,0.11986496154190548,0.004346337898380348,0.0,1.0015223634270902
2022-01-24,0.0,0.0,0.11986496154190548,0.0034841784332488857,0.0,1.0015223634270902
2022-01-25,0.0,0.0,0.11986496154190548,-0.015541399760130581,0.0,1.0015223634270902
2022-01-26,0.0,0.0,0.11986496154190548,-0.012399101550055747,0.0,1.0015223634270902
2022-01-27,0.0,0.0,0.11986496154190548,-0.0034211267187176375,0.0,1.0015223634270902
2022-01-28,0.0,0.0,0.11986496154190548,0.003337711813116151,0.0,1.0015223634270902
2022-01-31,0.0,0.0,0.11986496154190548,0.0017063557961574105,0.0,1.0015223634270902
2022-02-01,0.0,0.0,0.17022820273161215,-0.0013615051429551883,0.0,1.0015223634270902
2022-02-02,0.0,0.0,0.17022820273161215,0.004206199221894025,0.0,1.0015223634270902
2022-02-03,0.0,0.0,0.17022820273161215,0.0009299083435356792,0.0,1.0015223634270902
2022-02-04,0.0,0.0,0.17022820273161215,0.007613892391760579,0.0,1.0015223634270902
2022-02-07,0.0,0.0,0.17022820273161215,-0.0004310218133616317,0.0,1.0015223634270902
2022-02-08,0.0,0.0,0.17022820273161215,0.007085211688621307,0.0,1.0015223634270902
2022-02-09,0.0,0.0,0.17022820273161215,-0.0038004298185185803,0.0,1.0015223634270902
2022-02-10,0.0,0.0,0.17022820273161215,0.01747508218717897,0.0,1.0015223634270902
2022-02-11,0.0,0.0,0.17022820273161215,0.0020906865849754652,0.0,1.0015223634270902
2022-02-14,0.0,0.0,0.17022820273161215,-0.004767988812496071,0.0,1.0015223634270902
2022-02-15,0.0,0.0,0.17022820273161215,0.008374614889350873,0.0,1.0015223634270902
2022-02-16,0.0,0.0,0.17022820273161215,0.0161890610093387,0.0,1.0015223634270902
2022-02-17,0.0,0.0,0.17022820273161215,-0.0009373461903257052,0.0,1.0015223634270902
2022-02-18,0.0,0.0,0.17022820273161215,0.006359868031253768,0.0,1.0015223634270902
2022-02-21,0.0,0.0,0.17022820273161215,-0.005727787543656326,0.0,1.0015223634270902
2022-02-22,0.0,0.0,0.17022820273161215,0.006086209048512536,0.0,1.0015223634270902
2022-02-23,0.0,0.0,0.17022820273161215,0.00032184816042590825,0.0,1.0015223634270902
2022-02-24,0.0,0.0,0.17022820273161215,-0.011814049152255812,0.0,1.0015223634270902
2022-02-25,0.0,0.0,0.17022820273161215,0.009569959612035106,0.0,1.0015223634270902
2022-02-28,0.0,0.0,0.17022820273161215,0.01856832872896863,0.0,1.0015223634270902
2022-03-01,0.0,0.0,0.8762449323169442,-0.0070097395646513405,0.0,1.0015223634270902
2022-03-02,0.0,0.0,0.8762449323169442,0.0032145383281303452,0.0,1.0015223634270902
2022-03-03,0.0,0.0,0.8762449323169442,0.017615868489619046,0.0,1.0015223634270902
2022-03-04,0.0,0.0,0.8762449323169442,0.006014793060489687,0.0,1.0015223634270902
2022-03-07,0.0,0.0,0.8762449323169442,0.013752831535700949,0.0,1.0015223634270902
2022-03-08,0.0,0.0,0.8762449323169442,-0.009113944398499108,0.0,1.0015223634270902
2022-03-09,0.0,0.0,0.8762449323169442,0.003519517487308832,0.0,1.0015223634270902
2022-03-10,0.0,0.0,0.8762449323169442,-0.005218489898565437,0.0,1.0015223634270902
2022-03-11,0.0,0.0,0.8762449323169442,-0.01704819880534103,0.0,1.0015223634270902
2022-03-14,0.0,0.0,0.8762449323169442,-0.019251327454615108,0.0,1.0015223634270902
2022-03-15,0.0,0.0,0.8762449323169442,0.005410820650272541,0.0,1.0015223634270902
2022-03-16,0.0,0.0,0.8762449323169442,0.007613915105090463,0.0,1.0015223634270902
2022-03-17,0.0,0.0,0.8762449323169442,0.001173273670723951,0.0,1.0015223634270902
2022-03-18,0.0,0.0,0.8762449323169442,-0.004068886706281916,0.0,1.0015223634270902
2022-03-21,0.0,0.0,0.8762449323169442,-0.008054825711306002,0.0,1.0015223634270902
2022-03-22,0.0,0.0,0.8762449323169442,0.013427235850406838,0.0,1.0015223634270902
2022-03-23,0.0,0.0,0.8762449323169442,0.006162352329456056,0.0,1.0015223634270902
2022-03-24,0.0,0.0,0.8762449323169442,-0.00033706299762226166,0.0,1.0015223634270902
2022-03-25,0.0,0.0,0.8762449323169442,-0.018230105074951375,0.0,1.0015223634270902
2022-03-28,0.0,0.0,0.8762449323169442,-0.002585546316460352,0.0,1.0015223634270902
2022-03-29,0.0,0.0,0.8762449323169442,0.007397437798783102,0.0,1.0015223634270902
2022-03-30,0.0,0.0,0.8762449323169442,0.0021147925515814237,0.0,1.0015223634270902
2022-03-31,0.0,0.0,0.8762449323169442,-0.005731318630337157,0.0,1.0015223634270902
2022-04-01,0.0,0.0,0.5739780174204115,0.003616526078755733,0.0,1.0015223634270902
2022-04-04,0.0,0.0,0.5739780174204115,-0.005293058826993047,0.0,1.0015223634270902
2022-04-05,0.0,0.0,0.5739780174204115,-0.0008746585033767573,0.0,1.0015223634270902
2022-04-06,0.0,0.0,0.5739780174204115,0.006302393756922875,0.0,1.0015223634270902
2022-04-07,0.0,0.0,0.5739780174204115,0.007609332940980096,0.0,1.0015223634270902
2022-04-08,0.0,0.0,0.5739780174204115,0.003061270061325949,0.0,1.0015223634270902
2022-04-11,0.0,0.0,0.5739780174204115,0.006283061172087656,0.0,1.0015223634270902
2022-04-12,0.0,0.0,0.5739780174204115,0.0067645428246203565,0.0,1.0015223634270902
2022-04-13,0.0,0.0,0.5739780174204115,-0.004269305207625251,0.0,1.0015223634270902
2022-04-14,0.0,0.0,0.5739780174204115,0.0010246920512262392,0.0,1.0015223634270902
2022-04-15,0.0,0.0,0.5739780174204115,0.002182791571026854,0.0,1.0015223634270902
2022-04-18,0.0,0.0,0.5739780174204115,-0.014158966181661015,0.0,1.0015223634270902
2022-04-19,0.0,0.0,0.5739780174204115,0.0032581276245959856,0.0,1.0015223634270902
2022-04-20,0.0,0.0,0.5739780174204115,-0.0015611890594868783,0.0,1.0015223634270902
2022-04-21,0.0,0.0,0.5739780174204115,-0.010624022354342344,0.0,1.0015223634270902
2022-04-22,0.0,0.0,0.5739780174204115,-0.01709143129888613,0.0,1.0015223634270902
2022-04-25,0.0,0.0,0.5739780174204115,0.0008065547539439777,0.0,1.0015223634270902
2022-04-26,0.0,0.0,0.5739780174204115,-0.008243010083157642,0.0,1.0015223634270902
2022-04-27,0.0,0.0,0.5739780174204115,0.004932799144235389,0.0,1.0015223634270902
2022-04-28,0.0,0.0,0.5739780174204115,0.0015353584627888495,0.0,1.0015223634270902
2022-04-29,0.0,0.0,0.5739780174204115,-0.0183867460584608,0.0,1.0015223634270902
2022-05-02,0.0,0.0,0.47824826985713537,0.003459985769411311,0.0,1.0015223634270902
2022-05-03,0.0,0.0,0.47824826985713537,0.009789541892110343,0.0,1.0015223634270902
2022-05-04,0.0,0.0,0.47824826985713537,-0.0055205747830822105,0.0,1.0015223634270902
2022-05-05,0.0,0.0,0.47824826985713537,-0.0016051071309091114,0.0,1.0015223634270902
2022-05-06,0.0,0.0,0.47824826985713537,-0.010323480054815981,0.0,1.0015223634270902
2022-05-09,0.0,0.0,0.47824826985713537,-0.00877075021533713,0.0,1.0015223634270902
2022-05-10,0.0,0.0,0.47824826985713537,0.00810461617173619,0.0,1.0015223634270902
2022-05-11,0.0,0.0,0.47824826985713537,-0.01777912534634485,0.0,1.0015223634270902
2022-05-12,0.0,0.0,0.47824826985713537,-0.005093342135968015,0.0,1.0015223634270902
2022-05-13,0.0,0.0,0.47824826985713537,0.008802058193327689,0.0,1.0015223634270902
2022-05-16,0.0,0.0,0.47824826985713537,-0.007428579632167143,0.0,1.0015223634270902
2022-05-17,0.0,0.0,0.47824826985713537,0.0016249771089311693,0.0,1.0015223634270902
2022-05-18,0.0,0.0,0.47824826985713537,0.01485973617191938,0.0,1.0015223634270902
2022-05-19,0.0,0.0,0.47824826985713537,0.001384578769478395,0.0,1.0015223634270902
2022-05-20,0.0,0.0,0.47824826985713537,0.004185303164715215,0.0,1.0015223634270902
2022-05-23,0.0,0.0,0.47824826985713537,0.006589541788708075,0.0,1.0015223634270902
2022-05-24,0.0,0.0,0.47824826985713537,-0.007199079402496089,0.0,1.0015223634270902
2022-05-25,0.0,0.0,0.47824826985713537,-0.0005893483018031276,0.0,1.0015223634270902
2022-05-26,0.0,0.0,0.47824826985713537,0.00038977211796087374,0.0,1.0015223634270902
2022-05-27,0.0,0.0,0.47824826985713537,-2.1678579891215577e-05,0.0,1.0015223634270902
2022-05-30,0.0,0.0,0.47824826985713537,-0.008174805774928906,0.0,1.0015223634270902
2022-05-31,0.0,0.0,0.47824826985713537,0.00496914565217299,0.0,1.0015223634270902
2022-06-01,0.0,0.0,0.4685153486022926,0.011980418944546045,0.0,1.0015223634270902
2022-06-02,0.0,0.0,0.4685153486022926,-0.009687241572291505,0.0,1.0015223634270902
2022-06-03,0.0,0.0,0.4685153486022926,-0.006345961195943772,0.0,1.0015223634270902
2022-06-06,0.0,0.0,0.4685153486022926,0.006649412367466745,0.0,1.0015223634270902
2022-06-07,0.0,0.0,0.4685153486022926,0.0012456881730118496,0.0,1.0015223634270902
2022-06-08,0.0,0.0,0.4685153486022926,-0.004075186198900127,0.0,1.0015223634270902
2022-06-09,0.0,0.0,0.4685153486022926,0.013304175829475184,0.0,1.0015223634270902
2022-06-10,0.0,0.0,0.4685153486022926,-0.0273586612275718,0.0,1.0015223634270902
2022-06-13,0.0,0.0,0.4685153486022926,-0.006093010348780403,0.0,1.0015223634270902
2022-06-14,0.0,0.0,0.4685153486022926,0.013005907349374013,0.0,1.0015223634270902
2022-06-15,0.0,0.0,0.4685153486022926,0.009843140626293767,0.0,1.0015223634270902
2022-06-16,0.0,0.0,0.4685153486022926,-0.006537653598261528,0.0,1.0015223634270902
2022-06-17,0.0,0.0,0.4685153486022926,-0.0011695548697252534,0.0,1.0015223634270902
2022-06-20,0.0,0.0,0.4685153486022926,-0.003494987221625223,0.0,1.0015223634270902
2022-06-21,0.0,0.0,0.4685153486022926,0.00353853146987948,0.0,1.0015223634270902
2022-06-22,0.0,0.0,0.4685153486022926,-0.00730610933928677,0.0,1.0015223634270902
2022-06-23,0.0,0.0,0.4685153486022926,0.0017828824682908362,0.0,1.0015223634270902
2022-06-24,0.0,0.0,0.4685153486022926,-0.002399925230336386,0.0,1.0015223634270902
2022-06-27,0.0,0.0,0.4685153486022926,-0.0023232557135663967,0.0,1.0015223634270902
2022-06-28,0.0,0.0,0.4685153486022926,-0.00011002045386732107,0.0,1.0015223634270902
2022-06-29,0.0,0.0,0.4685153486022926,-0.00696424448467603,0.0,1.0015223634270902
2022-06-30,0.0,0.0,0.4685153486022926,0.0026104376034874477,0.0,1.0015223634270902
2022-07-01,0.0,0.0,0.26855723101861123,-0.0009560405775621561,0.0,1.0015223634270902
2022-07-04,0.0,0.0,0.26855723101861123,-0.02295043115495332,0.0,1.0015223634270902
2022-07-05,0.0,0.0,0.26855723101861123,-0.01602079092009845,0.0,1.0015223634270902
2022-07-06,0.0,0.0,0.26855723101861123,0.00012926472484142693,0.0,1.0015223634270902
2022-07-07,0.0,0.0,0.26855723101861123,0.0014646590992466457,0.0,1.0015223634270902
2022-07-08,0.0,0.0,0.26855723101861123,-0.00488445455062525,0.0,1.0015223634270902
2022-07-11,0.0,0.0,0.26855723101861123,-0.004554901487997753,0.0,1.0015223634270902
2022-07-12,0.0,0.0,0.26855723101861123,0.0036945438492130833,0.0,1.0015223634270902
2022-07-13,0.0,0.0,0.26855723101861123,-0.012447466951601704,0.0,1.0015223634270902
2022-07-14,0.0,0.0,0.26855723101861123,-0.0022221946514129343,0.0,1.0015223634270902
2022-07-15,0.0,0.0,0.26855723101861123,0.0007494088594457438,0.0,1.0015223634270902
2022-07-18,0.0,0.0,0.26855723101861123,0.0011407323411347647,0.0,1.0015223634270902
2022-07-19,0.0,0.0,0.26855723101861123,-0.008775840926544376,0.0,1.0015223634270902
2022-07-20,0.0,0.0,0.26855723101861123,0.013290830090872952,0.0,1.0015223634270902
2022-07-21,0.0,0.0,0.26855723101861123,0.005496447668298821,0.0,1.0015223634270902
2022-07-22,0.0,0.0,0.26855723101861123,-0.005074543026428735,0.0,1.0015223634270902
2022-07-25,0.0,0.0,0.26855723101861123,-0.00044527175327946367,0.0,1.0015223634270902
2022-07-26,0.0,0.0,0.26855723101861123,0.011570380154942939,0.0,1.0015223634270902
2022-07-27,0.0,0.0,0.26855723101861123,0.009740923691463621,0.0,1.0015223634270902
2022-07-28,0.0,0.0,0.26855723101861123,0.006310534441190008,0.0,1.0015223634270902
2022-07-29,0.0,0.0,0.26855723101861123,0.0031542285171699547,0.0,1.0015223634270902
2022-08-01,0.0,0.0,0.1608652070173087,-0.008086188979891773,0.0,1.0015223634270902
2022-08-02,0.0,0.0,0.1608652070173087,0.003702685998061561,0.0,1.0015223634270902
2022-08-03,0.0,0.0,0.1608652070173087,0.016104496956201864,0.0,1.0015223634270902
2022-08-04,0.0,0.0,0.1608652070173087,-0.010012357730173171,0.0,1.0015223634270902
2022-08-05,0.0,0.0,0.1608652070173087,0.008046937662069986,0.0,1.0015223634270902
2022-08-08,0.0,0.0,0.1608652070173087,0.0025509210194574194,0.0,1.0015223634270902
2022-08-09,0.0,0.0,0.1608652070173087,-0.0014391977394305755,0.0,1.0015223634270902
2022-08-10,0.0,0.0,0.1608652070173087,-0.0019950287489605145,0.0,1.0015223634270902
2022-08-11,0.0,0.0,0.1608652070173087,0.007778702033888862,0.0,1.0015223634270902
2022-08-12,0.0,0.0,0.1608652070173087,-0.012494443507503838,0.0,1.0015223634270902
2022-08-15,0.0,0.0,0.1608652070173087,-0.002154992643643716,0.0,1.0015223634270902
2022-08-16,0.0,0.0,0.1608652070173087,-0.006594766793032392,0.0,1.0015223634270902
2022-08-17,0.0,0.0,0.1608652070173087,-0.003151751998964336,0.0,1.0015223634270902
2022-08-18,0.0,0.0,0.1608652070173087,-0.0063561479844738145,0.0,1.0015223634270902
2022-08-19,0.0,0.0,0.1608652070173087,-0.00678011194099426,0.0,1.0015223634270902
2022-08-22,0.0,0.0,0.1608652070173087,0.006009789318278003,0.0,1.0015223634270902
2022-08-23,0.0,0.0,0.1608652070173087,0.0038021851982374955,0.0,1.0015223634270902
2022-08-24,0.0,0.0,0.1608652070173087,0.002419583745869147,0.0,1.0015223634270902
2022-08-25,0.0,0.0,0.1608652070173087,-0.01066532385819663,0.0,1.0015223634270902
2022-08-26,0.0,0.0,0.1608652070173087,-0.0002676092552595932,0.0,1.0015223634270902
2022-08-29,0.0,0.0,0.1608652070173087,-0.008316566696630723,0.0,1.0015223634270902
2022-08-30,0.0,0.0,0.1608652070173087,-0.008263351897736193,0.0,1.0015223634270902
2022-08-31,0.0,0.0,0.1608652070173087,-0.0072824691672437325,0.0,1.0015223634270902
2022-09-01,0.0,0.0,0.2298522032953562,0.009281681062467406,0.0,1.0015223634270902
2022-09-02,0.0,0.0,0.2298522032953562,0.0004730601581623972,0.0,1.0015223634270902
2022-09-05,0.0,0.0,0.2298522032953562,-0.006670806894131687,0.0,1.0015223634270902
2022-09-06,0.0,0.0,0.2298522032953562,0.008775741197158737,0.0,1.0015223634270902
2022-09-07,0.0,0.0,0.2298522032953562,-0.00406816043897873,0.0,1.0015223634270902
2022-09-08,0.0,0.0,0.2298522032953562,0.0041962389372320885,0.0,1.0015223634270902
2022-09-09,0.0,0.0,0.2298522032953562,0.0045905644222976605,0.0,1.0015223634270902
2022-09-12,0.0,0.0,0.2298522032953562,-0.013309385685886355,0.0,1.0015223634270902
2022-09-13,0.0,0.0,0.2298522032953562,-0.0024617421331774025,0.0,1.0015223634270902
2022-09-14,0.0,0.0,0.2298522032953562,-0.02105175021641692,0.0,1.0015223634270902
2022-09-15,0.0,0.0,0.2298522032953562,0.007714345691519853,0.0,1.0015223634270902
2022-09-16,0.0,0.0,0.2298522032953562,0.00014325652599200822,0.0,1.0015223634270902
2022-09-19,0.0,0.0,0.2298522032953562,-0.006006669229623007,0.0,1.0015223634270902
2022-09-20,0.0,0.0,0.2298522032953562,0.0030692429854797254,0.0,1.0015223634270902
2022-09-21,0.0,0.0,0.2298522032953562,0.0008495878305181392,0.0,1.0015223634270902
2022-09-22,0.0,0.0,0.2298522032953562,-0.017580443219439523,0.0,1.0015223634270902
2022-09-23,0.0,0.0,0.2298522032953562,0.0011556966108434708,0.0,1.0015223634270902
2022-09-26,0.0,0.0,0.2298522032953562,-0.009915808529712855,0.0,1.0015223634270902
2022-09-27,0.0,0.0,0.2298522032953562,0.017715669070802242,0.0,1.0015223634270902
2022-09-28,0.0,0.0,0.2298522032953562,0.003333211048405893,0.0,1.0015223634270902
2022-09-29,0.0,0.0,0.2298522032953562,-0.0014229511704080267,0.0,1.0015223634270902
2022-09-30,0.0,0.0,0.2298522032953562,0.024241023384621307,0.0,1.0015223634270902
2022-10-03,0.0,0.0,0.13192942269976352,0.013544138475490186,0.0,1.0015223634270902
2022-10-04,0.0,0.0,0.13192942269976352,-0.0038685527005837272,0.0,1.0015223634270902
2022-10-05,0.0,0.0,0.13192942269976352,-0.004286767226100885,0.0,1.0015223634270902
2022-10-06,0.0,0.0,0.13192942269976352,-0.009336798586073947,0.0,1.0015223634270902
2022-10-07,0.0,0.0,0.13192942269976352,-0.015224454159961986,0.0,1.0015223634270902
2022-10-10,0.0,0.0,0.13192942269976352,-0.00255507319090853,0.0,1.0015223634270902
2022-10-11,0.0,0.0,0.13192942269976352,0.005611383870578912,0.0,1.0015223634270902
2022-10-12,0.0,0.0,0.13192942269976352,-0.0061279402803755545,0.0,1.0015223634270902
2022-10-13,0.0,0.0,0.13192942269976352,-0.012442901963164665,0.0,1.0015223634270902
2022-10-14,0.0,0.0,0.13192942269976352,0.004243630205380988,0.0,1.0015223634270902
2022-10-17,0.0,0.0,0.13192942269976352,0.0013197639093069924,0.0,1.0015223634270902
2022-10-18,0.0,0.0,0.13192942269976352,-0.01583074090028358,0.0,1.0015223634270902
2022-10-19,0.0,0.0,0.13192942269976352,-0.0005103909725017175,0.0,1.0015223634270902
2022-10-20,0.0,0.0,0.13192942269976352,0.019385702082802325,0.0,1.0015223634270902
2022-10-21,0.0,0.0,0.13192942269976352,-0.0037770147677278487,0.0,1.0015223634270902
2022-10-24,0.0,0.0,0.13192942269976352,1.2222283698015701e-05,0.0,1.0015223634270902
2022-10-25,0.0,0.0,0.13192942269976352,0.00799607137029934,0.0,1.0015223634270902
2022-10-26,0.0,0.0,0.13192942269976352,-0.001237941255713082,0.0,1.0015223634270902
2022-10-27,0.0,0.0,0.13192942269976352,-0.011090477001296506,0.0,1.0015223634270902
2022-10-28,0.0,0.0,0.13192942269976352,-0.007384889724306731,0.0,1.0015223634270902
2022-10-31,0.0,0.0,0.13192942269976352,0.00894034404703703,0.0,1.0015223634270902
2022-11-01,0.0,0.0,0.05087258525735434,-0.009020003457409942,0.0,1.0015223634270902
2022-11-02,0.0,0.0,0.05087258525735434,-0.0016922417804705603,0.0,1.0015223634270902
2022-11-03,0.0,0.0,0.05087258525735434,0.030847175422001882,0.0,1.0015223634270902
2022-11-04,0.0,0.0,0.05087258525735434,-0.004078363046152944,0.0,1.0015223634270902
2022-11-07,0.0,0.0,0.05087258525735434,0.02289351964800357,0.0,1.0015223634270902
2022-11-08,0.0,0.0,0.05087258525735434,-0.0024877487632481987,0.0,1.0015223634270902
2022-11-09,0.0,0.0,0.05087258525735434,0.026141407690094987,0.0,1.0015223634270902
2022-11-10,0.0,0.0,0.05087258525735434,0.009495781439526674,0.0,1.0015223634270902
2022-11-11,0.0,0.0,0.05087258525735434,6.762507808577567e-05,0.0,1.0015223634270902
2022-11-14,0.0,0.0,0.05087258525735434,0.005129978071417796,0.0,1.0015223634270902
2022-11-15,0.0,0.0,0.05087258525735434,-0.0027884295826847705,0.0,1.0015223634270902
2022-11-16,0.0,0.0,0.05087258525735434,-0.008437893415973896,0.0,1.0015223634270902
2022-11-17,0.0,0.0,0.05087258525735434,-0.0049994978975842486,0.0,1.0015223634270902
2022-11-18,0.0,0.0,0.05087258525735434,-0.0025983323751885834,0.0,1.0015223634270902
2022-11-21,0.0,0.0,0.05087258525735434,0.0002768223639906253,0.0,1.0015223634270902
2022-11-22,0.0,0.0,0.05087258525735434,-0.0018700730845084834,0.0,1.0015223634270902
2022-11-23,0.0,0.0,0.05087258525735434,0.006790891650235054,0.0,1.0015223634270902
2022-11-24,0.0,0.0,0.05087258525735434,-0.0001274318688917475,0.0,1.0015223634270902
2022-11-25,0.0,0.0,0.05087258525735434,-0.0077661330914047255,0.0,1.0015223634270902
2022-11-28,0.0,0.0,0.05087258525735434,0.0044514192289168975,0.0,1.0015223634270902
2022-11-29,0.0,0.0,0.05087258525735434,0.0025350300931785696,0.0,1.0015223634270902
2022-11-30,0.0,0.0,0.05087258525735434,0.013127601788101018,0.0,1.0015223634270902
2022-12-01,0.0,0.0,0.08701070833694512,0.011720982248755618,0.0,1.0015223634270902
2022-12-02,0.0,0.0,0.08701070833694512,-0.015975898100585972,0.0,1.0015223634270902
2022-12-05,0.0,0.0,0.08701070833694512,0.0015811556636533552,0.0,1.0015223634270902
2022-12-06,0.0,0.0,0.08701070833694512,0.008389111332085086,0.0,1.0015223634270902
2022-12-07,0.0,0.0,0.08701070833694512,0.001099874361137232,0.0,1.0015223634270902
2022-12-08,0.0,0.0,0.08701070833694512,0.0044912457618648816,0.0,1.0015223634270902
2022-12-09,0.0,0.0,0.08701070833694512,-0.008392644321659759,0.0,1.0015223634270902
2022-12-12,0.0,0.0,0.08701070833694512,0.015241115996341037,0.0,1.0015223634270902
2022-12-13,0.0,0.0,0.08701070833694512,-0.0011711526014188678,0.0,1.0015223634270902
2022-12-14,0.0,0.0,0.08701070833694512,-0.017267885061985844,0.0,1.0015223634270902
2022-12-15,0.0,0.0,0.08701070833694512,0.009043283670393976,0.0,1.0015223634270902
2022-12-16,0.0,0.0,0.08701070833694512,-0.0030157793154410584,0.0,1.0015223634270902
2022-12-19,0.0,0.0,0.08701070833694512,0.016432193740754997,0.0,1.0015223634270902
2022-12-20,0.0,0.0,0.08701070833694512,-0.0009858546376699806,0.0,1.0015223634270902
2022-12-21,0.0,0.0,0.08701070833694512,-0.011821432197431925,0.0,1.0015223634270902
2022-12-22,0.0,0.0,0.08701070833694512,0.0026418106395800223,0.0,1.0015223634270902
2022-12-23,0.0,0.0,0.08701070833694512,0.0018526540888705867,0.0,1.0015223634270902
2022-12-26,0.0,0.0,0.08701070833694512,0.0021955105488142834,0.0,1.0015223634270902
2022-12-27,0.0,0.0,0.08701070833694512,0.0001106967657964475,0.0,1.0015223634270902
2022-12-28,0.0,0.0,0.08701070833694512,0.004998798776427726,0.0,1.0015223634270902
2022-12-29,0.0,0.0,0.08701070833694512,0.005001293633117854,0.0,1.0015223634270902
2022-12-30,0.0,0.0,0.08701070833694512,0.002852166328788819,0.0,1.0015223634270902
2023-01-02,0.0,0.0,0.09721881846430848,0.003884694397457089,0.0,1.0015223634270902
2023-01-03,0.0,0.0,0.09721881846430848,0.009969765662193986,0.0,1.0015223634270902
2023-01-04,0.0,0.0,0.09721881846430848,-0.011896495507861538,0.0,1.0015223634270902
2023-01-05,0.0,0.0,0.09721881846430848,0.01764170278671706,0.0,1.0015223634270902
2023-01-06,0.0,0.0,0.09721881846430848,0.0026837429520565337,0.0,1.0015223634270902
2023-01-09,0.0,0.0,0.09721881846430848,0.003602142166809763,0.0,1.0015223634270902
2023-01-10,0.0,0.0,0.09721881846430848,-0.00013853145419417956,0.0,1.0015223634270902
2023-01-11,0.0,0.0,0.09721881846430848,0.011141900525314163,0.0,1.0015223634270902
2023-01-12,0.0,0.0,0.09721881846430848,0.011440982852479742,0.0,1.0015223634270902
2023-01-13,0.0,0.0,0.09721881846430848,-0.0008963647743511771,0.0,1.0015223634270902
2023-01-16,0.0,0.0,0.09721881846430848,-0.004970188397078523,0.0,1.0015223634270902
2023-01-17,0.0,0.0,0.09721881846430848,-0.0008596590929919046,0.0,1.0015223634270902
2023-01-18,0.0,0.0,0.09721881846430848,0.012962315225657939,0.0,1.0015223634270902
2023-01-19,0.0,0.0,0.09721881846430848,-0.002830237431940219,0.0,1.0015223634270902
2023-01-20,0.0,0.0,0.09721881846430848,0.002620651512120986,0.0,1.0015223634270902
2023-01-23,0.0,0.0,0.09721881846430848,0.002851233540416942,0.0,1.0015223634270902
2023-01-24,0.0,0.0,0.09721881846430848,0.005904070599369149,0.0,1.0015223634270902
2023-01-25,0.0,0.0,0.09721881846430848,-0.009322414588292638,0.0,1.0015223634270902
2023-01-26,0.0,0.0,0.09721881846430848,-0.0009847758019327912,0.0,1.0015223634270902
2023-01-27,0.0,0.0,0.09721881846430848,-0.003360683739352055,0.0,1.0015223634270902
2023-01-30,0.0,0.0,0.09721881846430848,0.0008504620801685903,0.0,1.0015223634270902
2023-01-31,0.0,0.0,0.09721881846430848,0.015144813879453878,0.0,1.0015223634270902
2023-02-01,0.0,0.0,0.055395678148324135,-0.01959695247344495,0.0,1.0015223634270902
2023-02-02,0.0,0.0,0.055395678148324135,-0.02655716569900335,0.0,1.0015223634270902
2023-02-03,0.0,0.0,0.055395678148324135,0.0016609530713784793,0.0,1.0015223634270902
2023-02-06,0.0,0.0,0.055395678148324135,0.002587723297700961,0.0,1.0015223634270902
2023-02-07,0.0,0.0,0.055395678148324135,0.0012006491730796043,0.0,1.0015223634270902
2023-02-08,0.0,0.0,0.055395678148324135,-0.006839015357409828,0.0,1.0015223634270902
2023-02-09,0.0,0.0,0.055395678148324135,0.00181591026944794,0.0,1.0015223634270902
2023-02-10,0.0,0.0,0.055395678148324135,-0.006121043684174765,0.0,1.0015223634270902
2023-02-13,0.0,0.0,0.055395678148324135,0.0017538599147570721,0.0,1.0015223634270902
2023-02-14,0.0,0.0,0.055395678148324135,-0.012385386357497197,0.0,1.0015223634270902
2023-02-15,0.0,0.0,0.055395678148324135,-0.00017996788694674137,0.0,1.0015223634270902
2023-02-16,0.0,0.0,0.055395678148324135,0.004324509134028709,0.0,1.0015223634270902
2023-02-17,0.0,0.0,0.055395678148324135,-0.00027133690509906216,0.0,1.0015223634270902
2023-02-20,0.0,0.0,0.055395678148324135,-0.003301164729938577,0.0,1.0015223634270902
2023-02-21,0.0,0.0,0.055395678148324135,-0.005834764705324069,0.0,1.0015223634270902
2023-02-22,0.0,0.0,0.055395678148324135,-0.0010361027996887984,0.0,1.0015223634270902
2023-02-23,0.0,0.0,0.055395678148324135,-0.0070068528128235386,0.0,1.0015223634270902
2023-02-24,0.0,0.0,0.055395678148324135,0.003715964321617804,0.0,1.0015223634270902
2023-02-27,0.0,0.0,0.055395678148324135,0.004639309527974866,0.0,1.0015223634270902
2023-02-28,0.0,0.0,0.055395678148324135,0.005767549121117099,0.0,1.0015223634270902
2023-03-01,0.0,0.0,0.020465005740510994,0.00010889258548463232,0.0,1.0015223634270902
2023-03-02,0.0,0.0,0.020465005740510994,0.010312034821003735,0.0,1.0015223634270902
2023-03-03,0.0,0.0,0.020465005740510994,-0.004946396164815958,0.0,1.0015223634270902
2023-03-06,0.0,0.0,0.020465005740510994,-0.017610767095247226,0.0,1.0015223634270902
2023-03-07,0.0,0.0,0.020465005740510994,0.0006832231958524559,0.0,1.0015223634270902
2023-03-08,0.0,0.0,0.020465005740510994,0.008753589438513565,0.0,1.0015223634270902
2023-03-09,0.0,0.0,0.020465005740510994,0.01947868770394301,0.0,1.0015223634270902
2023-03-10,0.0,0.0,0.020465005740510994,0.023191134224685328,0.0,1.0015223634270902
2023-03-13,0.0,0.0,0.020465005740510994,-0.003937471768597156,0.0,1.0015223634270902
2023-03-14,0.0,0.0,0.020465005740510994,0.009182402005351697,0.0,1.0015223634270902
2023-03-15,0.0,0.0,0.020465005740510994,-0.0008487791149054402,0.0,1.0015223634270902
2023-03-16,0.0,0.0,0.020465005740510994,0.03491887446038966,0.0,1.0015223634270902
2023-03-17,0.0,0.0,0.020465005740510994,-0.0057231066135639,0.0,1.0015223634270902
2023-03-20,0.0,0.0,0.020465005740510994,-0.01738587492800825,0.0,1.0015223634270902
2023-03-21,0.0,0.0,0.020465005740510994,0.013697865169794099,0.0,1.0015223634270902
2023-03-22,0.0,0.0,0.020465005740510994,0.01140897114875905,0.0,1.0015223634270902
2023-03-23,0.0,0.0,0.020465005740510994,-0.006618331261008414,0.0,1.0015223634270902
2023-03-24,0.0,0.0,0.020465005740510994,-0.010654892248404657,0.0,1.0015223634270902
2023-03-27,0.0,0.0,0.020465005740510994,0.007427948760175163,0.0,1.0015223634270902
2023-03-28,0.0,0.0,0.020465005740510994,-0.004225317098511816,0.0,1.0015223634270902
2023-03-29,0.0,0.0,0.020465005740510994,0.007844287737197142,0.0,1.0015223634270902
2023-03-30,0.0,0.0,0.020465005740510994,-0.005390975269013332,0.0,1.0015223634270902
2023-03-31,0.0,0.0,0.020465005740510994,0.00790887313602795,0.0,1.0015223634270902
2023-04-03,0.0,0.0,0.07468157413339876,0.018283911997733604,0.0,1.0015223634270902
2023-04-04,0.0,0.0,0.07468157413339876,-0.0003451149996438474,0.0,1.0015223634270902
2023-04-05,0.0,0.0,0.07468157413339876,-0.006099428162861464,0.0,1.0015223634270902
2023-04-06,0.0,0.0,0.07468157413339876,-3.995733200135021e-05,0.0,1.0015223634270902
2023-04-07,0.0,0.0,0.07468157413339876,-0.0078111342295921204,0.0,1.0015223634270902
2023-04-10,0.0,0.0,0.07468157413339876,0.00606300864563547,0.0,1.0015223634270902
2023-04-11,0.0,0.0,0.07468157413339876,0.01003084719441194,0.0,1.0015223634270902
2023-04-12,0.0,0.0,0.07468157413339876,0.0006302433997138479,0.0,1.0015223634270902
2023-04-13,0.0,0.0,0.07468157413339876,0.005728032967871499,0.0,1.0015223634270902
2023-04-14,0.0,0.0,0.07468157413339876,-0.01473435938944867,0.0,1.0015223634270902
2023-04-17,0.0,0.0,0.07468157413339876,-0.0019946457062900436,0.0,1.0015223634270902
2023-04-18,0.0,0.0,0.07468157413339876,0.0002025923613260261,0.0,1.0015223634270902
2023-04-19,0.0,0.0,0.07468157413339876,-0.0002166180086415892,0.0,1.0015223634270902
2023-04-20,0.0,0.0,0.07468157413339876,-0.007893798080134573,0.0,1.0015223634270902
2023-04-21,0.0,0.0,0.07468157413339876,-0.0020978110755454082,0.0,1.0015223634270902
2023-04-24,0.0,0.0,0.07468157413339876,-0.0011532703785901433,0.0,1.0015223634270902
2023-04-25,0.0,0.0,0.07468157413339876,0.009162831010827155,0.0,1.0015223634270902
2023-04-26,0.0,0.0,0.07468157413339876,0.0005112495000840767,0.0,1.0015223634270902
2023-04-27,0.0,0.0,0.07468157413339876,-0.008529141762958936,0.0,1.0015223634270902
2023-04-28,0.0,0.0,0.07468157413339876,0.00238786720796913,0.0,1.0015223634270902
2023-05-01,0.0,0.0,0.06236974774512219,-0.00016105195195592614,0.0,1.0015223634270902
2023-05-02,0.0,0.0,0.06236974774512219,0.014086477034338962,0.0,1.0015223634270902
2023-05-03,0.0,0.0,0.06236974774512219,0.011663522664424164,0.0,1.0015223634270902
2023-05-04,0.0,0.0,0.06236974774512219,0.004616950252152918,0.0,1.0015223634270902
2023-05-05,0.0,0.0,0.06236974774512219,-0.01237446338256909,0.0,1.0015223634270902
2023-05-08,0.0,0.0,0.06236974774512219,0.0038528440319955948,0.0,1.0015223634270902
2023-05-09,0.0,0.0,0.06236974774512219,-0.000415873112488363,0.0,1.0015223634270902
2023-05-10,0.0,0.0,0.06236974774512219,-0.0012051969251531958,0.0,1.0015223634270902
2023-05-11,0.0,0.0,0.06236974774512219,-0.01072791482605151,0.0,1.0015223634270902
2023-05-12,0.0,0.0,0.06236974774512219,0.00404002355526778,0.0,1.0015223634270902
2023-05-15,0.0,0.0,0.06236974774512219,0.0005896287797630961,0.0,1.0015223634270902
2023-05-16,0.0,0.0,0.06236974774512219,-0.014402708259677155,0.0,1.0015223634270902
2023-05-17,0.0,0.0,0.06236974774512219,-0.0016451618407655744,0.0,1.0015223634270902
2023-05-18,0.0,0.0,0.06236974774512219,-0.009677373211189,0.0,1.0015223634270902
2023-05-19,0.0,0.0,0.06236974774512219,0.007561353744009125,0.0,1.0015223634270902
2023-05-22,0.0,0.0,0.06236974774512219,-0.006206801510487914,0.0,1.0015223634270902
2023-05-23,0.0,0.0,0.06236974774512219,0.004383780039245444,0.0,1.0015223634270902
2023-05-24,0.0,0.0,0.06236974774512219,-0.009750694412221428,0.0,1.0015223634270902
2023-05-25,0.0,0.0,0.06236974774512219,-0.0020974359910015394,0.0,1.0015223634270902
2023-05-26,0.0,0.0,0.06236974774512219,-0.003995363556883902,0.0,1.0015223634270902
2023-05-29,0.0,0.0,0.06236974774512219,-0.0035129454601827703,0.0,1.0015223634270902
2023-05-30,0.0,0.0,0.06236974774512219,0.00949066011915356,0.0,1.0015223634270902
2023-05-31,0.0,0.0,0.06236974774512219,0.005423555179126183,0.0,1.0015223634270902
2023-06-01,0.0,0.0,0.012506063326687897,0.005840797117478758,0.0,1.0015223634270902
2023-06-02,0.0,0.0,0.012506063326687897,-0.018677555848539917,0.0,1.0015223634270902
2023-06-05,0.0,0.0,0.012506063326687897,0.010945173379893092,0.0,1.0015223634270902
2023-06-06,0.0,0.0,0.012506063326687897,-0.0011863606054669518,0.0,1.0015223634270902
2023-06-07,0.0,0.0,0.012506063326687897,-0.008203282460209849,0.0,1.0015223634270902
2023-06-08,0.0,0.0,0.012506063326687897,0.009425389197456724,0.0,1.0015223634270902
2023-06-09,0.0,0.0,0.012506063326687897,9.54602185032627e-05,0.0,1.0015223634270902
2023-06-12,0.0,0.0,0.012506063326687897,0.00048333354905238934,0.0,1.0015223634270902
2023-06-13,0.0,0.0,0.012506063326687897,-0.01049534722188028,0.0,1.0015223634270902
2023-06-14,0.0,0.0,0.012506063326687897,-0.005509183519901484,0.0,1.0015223634270902
2023-06-15,0.0,0.0,0.012506063326687897,0.015766764314530057,0.0,1.0015223634270902
2023-06-16,0.0,0.0,0.012506063326687897,-0.004136134019919524,0.0,1.0015223634270902
2023-06-19,0.0,0.0,0.012506063326687897,-0.002210937374504063,0.0,1.0015223634270902
2023-06-20,0.0,0.0,0.012506063326687897,-0.008824217240739785,0.0,1.0015223634270902
2023-06-21,0.0,0.0,0.012506063326687897,-0.002664307357791884,0.0,1.0015223634270902
2023-06-22,0.0,0.0,0.012506063326687897,-0.006022294099007119,0.0,1.0015223634270902
2023-06-23,0.0,0.0,0.012506063326687897,0.006602441136711157,0.0,1.0015223634270902
2023-06-26,0.0,0.0,0.012506063326687897,-0.004118601567933311,0.0,1.0015223634270902
2023-06-27,0.0,0.0,0.012506063326687897,-0.0037137733754750712,0.0,1.0015223634270902
2023-06-28,0.0,0.0,0.012506063326687897,-0.0039962687413428455,0.0,1.0015223634270902
2023-06-29,0.0,0.0,0.012506063326687897,-0.0015557088085360604,0.0,1.0015223634270902
2023-06-30,0.0,0.0,0.012506063326687897,0.004826039444172814,0.0,1.0015223634270902
2023-07-03,1.0,0.001573438514038539,0.004102650223874473,0.00782030072037454,0.00732030072037454,1.0088807080942899
2023-07-04,0.0,0.0005105749572414126,0.004102650223874473,-0.00307532627834739,-0.0005,1.0083763938293155
2023-07-05,0.0,0.0005706849646009583,0.004102650223874473,5.213676572601855e-05,0.0,1.0083763938293155
2023-07-06,-1.0,-0.000680609164379501,0.004102650223874473,-0.004183450221982632,0.003683450221982632,1.0120975472153182
2023-07-07,1.0,0.002698118062687216,0.004102650223874473,0.0037472012330432847,0.0027472012330432847,1.0148818055528643
2023-07-10,1.0,0.0012015420135706493,0.004102650223874473,0.005980733601506749,0.005980733601506749,1.0209697302501333
2023-07-11,1.0,0.0026498428560536107,0.004102650223874473,-0.00021452554681467007,-0.00021452554681467007,1.0207507296519216
2023-07-12,1.0,0.0010700517810138368,0.004102650223874473,0.013564038523153243,0.013564038523153243,1.0346905583342836
2023-07-13,-1.0,-0.0019599226094478414,0.004102650223874473,-0.002123243885512771,0.001123243885512771,1.0358534211443378
2023-07-14,-1.0,-0.0015309312096480148,0.004102650223874473,0.00033989375566534363,-0.00033989375566534363,1.035501400862843
2023-07-17,1.0,0.001223781694059902,0.004102650223874473,0.0034732563470267763,0.0024732563470267763,1.0380656309669567
2023-07-18,1.0,0.0012955417966620333,0.004102650223874473,0.005955636375865048,0.005955636375865048,1.0442664188900552
2023-07-19,-1.0,-0.0006938834534111725,0.004102650223874473,0.004659367202717313,-0.005659367202717313,1.0383732233759408
2023-07-20,1.0,0.0010783931281097832,0.004102650223874473,-0.006308669850662696,-0.007308669850662696,1.0308117620756014
2023-07-21,0.0,0.0002618517481701312,0.004102650223874473,-0.005598941023453818,-0.0005,1.0302964850245613
2023-07-24,-1.0,-0.0007536147844142562,0.004102650223874473,0.0005567978032505749,-0.001056797803250575,1.0292082450885582
2023-07-25,1.0,0.0009010652161534913,0.004102650223874473,0.0006725730056853507,-0.0003274269943146493,1.0288713096902276
2023-07-26,1.0,0.002014093488842583,0.004102650223874473,0.007021627507136863,0.007021627507136863,1.0361210835991737
2023-07-27,-1.0,-0.0010979525155234817,0.004102650223874473,-0.01382071615657221,0.01282071615657221,1.0494904170034356
2023-07-28,1.0,0.0024647664949717326,0.004102650223874473,0.0031640254574458737,0.0021640254574458737,1.0517640001418052
2023-07-31,1.0,0.0019949687519616012,0.004102650223874473,0.0023113539167685104,0.0023113539167685104,1.054197810598191
2023-08-01,-1.0,-0.0012102071422800107,0.00037011596380448107,-0.007079935698611095,0.006079935698611095,1.0606267895854167
2023-08-02,-1.0,-0.00031722876274508033,0.00037011596380448107,-0.004911260797427097,0.004911260797427097,1.065848616739226
2023-08-03,-1.0,-0.0007560683030522062,0.00037011596380448107,-0.000598416413168934,0.000598416413168934,1.0664866289248787
2023-08-04,1.0,0.0007929808991654968,0.00037011596380448107,0.0028830120105922674,0.0018830120105922674,1.0684967279826747
2023-08-07,0.0,-6.738148034121695e-05,0.00037011596380448107,-0.0052765807354955285,-0.0005,1.0679626131585167
2023-08-08,1.0,0.00018729476649500493,0.00037011596380448107,-0.002447409112179777,-0.002947409112179777,1.0648195246802281
2023-08-09,-1.0,-0.0006081651415766774,0.00037011596380448107,-0.004451623833976015,0.003451623833976015,1.0685012314086135
2023-08-10,1.0,0.0010254167056426443,0.00037011596380448107,-0.0018318850414624777,-0.0028318850414624777,1.0654796391748502
2023-08-11,1.0,0.000278891744583987,0.00037011596380448107,-0.0018315941630469013,-0.0018315941630469013,1.0635298989983277
2023-08-14,1.0,0.0003212564236379703,0.00037011596380448107,-0.002417339103846672,-0.002417339103846672,1.0609620914665692
2023-08-15,-1.0,-0.0007671214238740025,0.00037011596380448107,-0.001265720058353459,0.0002657200583534589,1.0612440478344967
2023-08-16,0.0,8.05723820169623e-06,0.00037011596380448107,-0.00643943463734864,-0.0005,1.0607135584439789
2023-08-17,1.0,0.0026782587419122337,0.00037011596380448107,0.0006343733438214372,0.00013437334382143716,1.0608560996483185
2023-08-18,-1.0,-0.0017654283093420672,0.00037011596380448107,-0.003738338362422766,0.002738338362422766,1.063765063649117
2023-08-21,1.0,0.0024177749511627785,0.00037011596380448107,0.004106538943452698,0.0031065389434526977,1.067074829542584
2023-08-22,-1.0,-0.0002786949985483218,0.00037011596380448107,0.0036980378037450023,-0.004698037803745002,1.0620734292368774
2023-08-23,1.0,0.0018367203100814868,0.00037011596380448107,0.009942261330878388,0.008942261330878387,1.0716133580912917
2023-08-24,-1.0,-0.0017603553515143442,0.00037011596380448107,-0.001976634995259907,0.0009766349952599071,1.0726604444255428
2023-08-25,1.0,0.00024392537060193443,0.00037011596380448107,-0.0005443605598491885,-0.0015443605598491885,1.071005148456963
2023-08-28,1.0,0.00032433237764909243,0.00037011596380448107,0.0036341035092055662,0.0036341035092055662,1.0749043728265042
2023-08-29,1.0,0.002937335127186859,0.00037011596380448107,0.00736190883765353,0.00736190883765353,1.0828469211143754
2023-08-30,-1.0,-0.0007658959572873826,0.00037011596380448107,0.005184334292926529,-0.006184334292926529,1.0761708984217553
2023-08-31,1.0,0.0010266029735047446,0.00037011596380448107,-0.0022806197735594225,-0.0032806197735594225,1.0726461756914316
2023-09-01,-1.0,-0.00016589741954078227,8.399772507226986e-05,0.0006639309794387316,-0.0016639309794387316,1.070862850566136
2023-09-04,-1.0,-0.00023643929619732008,8.399772507226986e-05,-0.004206761159567307,0.004206761159567307,1.0753772035580549
2023-09-05,-1.0,-0.000265982271212715,8.399772507226986e-05,-0.005158352429056379,0.005158352429056379,1.0809387099411747
2023-09-06,1.0,0.0003434861868421552,8.399772507226986e-05,-0.003239300414365154,-0.004239300414365154,1.0763659854449321
2023-09-07,-1.0,-0.0007874976930911854,8.399772507226986e-05,0.0034378443809934822,-0.004437844380993482,1.0715998242675788
2023-09-08,-1.0,-7.337826481016937e-05,8.399772507226986e-05,-0.002902977930342665,0.002902977930342665,1.0747151746164134
2023-09-11,1.0,0.003683084768248933,8.399772507226986e-05,0.0010304144136172866,3.0414413617286563e-05,1.0747478619453354
2023-09-12,-1.0,-0.0016576832652584403,8.399772507226986e-05,-0.006792117108258999,0.005792117108258999,1.0809909904352222
2023-09-13,-1.0,-0.0004932401979457911,8.399772507226986e-05,0.0015867553615889207,-0.0015867553615889207,1.0792770823213695
2023-09-14,1.0,0.0010241567256376507,8.399772507226986e-05,0.005890714888984405,0.004890714888984405,1.0845684475495203
2023-09-15,1.0,0.000455870776727932,8.399772507226986e-05,0.0013896464067260084,0.0013896464067260084,1.0860766618951174
2023-09-18,1.0,0.001929457368599379,8.399772507226986e-05,0.0032834079586603337,0.0032834079586603337,1.0896485554333557
2023-09-19,-1.0,-0.00041015770251176385,8.399772507226986e-05,-0.0016964004181101444,0.0006964004181101444,1.0904076514296586
2023-09-20,1.0,0.00013030242024950192,8.399772507226986e-05,-0.002542392377026914,-0.003542392377026914,1.0865518331201502
2023-09-21,-1.0,-0.0005168259337579381,8.399772507226986e-05,-0.0008660272610390152,-0.00013397273896098485,1.0864062745457022
2023-09-22,1.0,0.002917975417913466,8.399772507226986e-05,0.0007305528154795127,-0.00026944718452048735,1.086113584867756
2023-09-25,1.0,0.0005040186496073516,8.399772507226986e-05,-0.004583177731925403,-0.004583177731925403,1.0811471230534344
2023-09-26,-1.0,-0.0007544862106074507,8.399772507226986e-05,-0.007807546952591338,0.006807546952591338,1.0885321914358512
2023-09-27,-1.0,-0.0006986931605362361,8.399772507226986e-05,-0.01260603777067093,0.01260603777067093,1.102341124454456
2023-09-28,1.0,0.002113361720952121,8.399772507226986e-05,-0.006155982926109971,-0.007155982926109971,1.0944809473776174
2023-09-29,1.0,0.0023954145322477674,8.399772507226986e-05,-0.009728051651957337,-0.009728051651957337,1.0838854007608172
2023-10-02,-1.0,-0.0007691152996685164,8.512054520464879e-05,-0.012792974986659544,0.011792974986659543,1.0967433016154005
2023-10-03,1.0,0.0008830640416859063,8.512054520464879e-05,-3.701971589542552e-05,-0.0010370197158954255,1.0956065467088474
2023-10-04,1.0,0.0011125927297074706,8.512054520464879e-05,0.001546511815186058,0.001546511815186058,1.0973022260342207
2023-10-05,1.0,9.252816636582263e-05,8.512054520464879e-05,-0.0033405980082097386,-0.0033405980082097386,1.0936426963156096
2023-10-06,1.0,0.0008288529697624375,8.512054520464879e-05,0.015135501399305973,0.015135501399305973,1.1103214289662013
2023-10-09,1.0,0.000691270304302495,8.512054520464879e-05,0.008094409553886628,0.008094409553886628,1.1193452975227722
2023-10-10,1.0,0.0032375989501302904,8.512054520464879e-05,-0.0009482458164562502,-0.0009482458164562502,1.118284386109126
2023-10-11,1.0,0.001585844086749212,8.512054520464879e-05,0.007387158369411395,0.007387158369411395,1.1265759176940446
2023-10-12,1.0,0.00017576220555079314,8.512054520464879e-05,-0.001384772893717745,-0.001384772893717745,1.125016945560806
2023-10-13,1.0,0.0029048477310060477,8.512054520464879e-05,0.026330501144168572,0.026330501144168572,1.1550326354874134
2023-10-16,-1.0,-0.002056556786816601,8.512054520464879e-05,-0.003318890938820651,0.002318890938820651,1.1577141380542961
2023-10-17,1.0,0.00015217825774205688,8.512054520464879e-05,0.006418353907583274,0.005418353907583274,1.164004068123071
2023-10-18,1.0,0.0008689737796082022,8.512054520464879e-05,0.011354494284182337,0.011354494284182337,1.1772960648064492
2023-10-19,1.0,0.0003813234098352093,8.512054520464879e-05,0.01143912768916966,0.01143912768916966,1.1908406261068891
2023-10-20,1.0,0.0013758848271981324,8.512054520464879e-05,-0.0027407973384860895,-0.0027407973384860895,1.1875812419843244
2023-10-23,1.0,0.0013352707080257313,8.512054520464879e-05,0.004897769645419103,0.004897769645419103,1.1934120085627937
2023-10-24,1.0,0.0020456948824442035,8.512054520464879e-05,-0.0013589943874849908,-0.0013589943874849908,1.1917912698780284
2023-10-25,1.0,0.0009279187125697334,8.512054520464879e-05,0.004666183585300132,0.004666183585300132,1.1973653815389222
2023-10-26,1.0,0.0002599098418824364,8.512054520464879e-05,0.0004335433226057006,0.0004335433226057006,1.1978846038493578
2023-10-27,1.0,0.002703822049245793,8.512054520464879e-05,0.00937324575438403,0.00937324575438403,1.2091654571393355
2023-10-30,1.0,0.0029089514499177306,8.512054520464879e-05,-0.0034718948363625657,-0.0034718948363625657,1.2049746410783992
2023-10-31,-1.0,-0.0013365547356787378,8.512054520464879e-05,-0.007893699604534454,0.006893699604534454,1.213310072253944
2023-11-01,-1.0,-0.0006000977912147759,5.359132163818803e-05,0.002484653163715933,-0.002484653163715933,1.2102991596301274
2023-11-02,1.0,0.0033196852850852034,5.359132163818803e-05,-0.0005931175906122022,-0.0015931175906122022,1.2083725458176775
2023-11-03,1.0,0.003587696233059238,5.359132163818803e-05,0.00359545999283295,0.00359545999283295,1.2127250208487013
2023-11-06,-1.0,-0.00035892609190017803,5.359132163818803e-05,-0.008414479296635413,0.007414479296635413,1.2217501624249607
2023-11-07,-1.0,-0.00022098592945146394,5.359132163818803e-05,-0.002905745428252615,0.002905745428252615,1.2253054202093951
2023-11-08,1.0,0.00017601172645884456,5.359132163818803e-05,-0.009206149958661314,-0.010206149958661315,1.212863370062879
2023-11-09,-1.0,-0.00022796266227627945,5.359132163818803e-05,0.004164295946229579,-0.005164295946229579,1.206615930376161
2023-11-10,-1.0,-0.0017171523826541861,5.359132163818803e-05,-0.009694379084640659,0.009694379084640659,1.2183702057591197
2023-11-13,1.0,0.00046268276862196193,5.359132163818803e-05,0.0025431296398874537,0.0015431296398874536,1.220251760303905
2023-11-14,1.0,0.004105803556738407,5.359132163818803e-05,0.009166983358588787,0.009166983358588787,1.2314892159749349
2023-11-15,-1.0,-0.0011500286668551082,5.359132163818803e-05,-0.00334712830733519,0.00234712830733519,1.234383073973416
2023-11-16,1.0,0.0032203402569201504,5.359132163818803e-05,0.01419882625139568,0.013198826251395679,1.2507834766362476
2023-11-17,-1.0,-7.781311508411812e-05,5.359132163818803e-05,-0.002108408629835523,0.0011084086298355231,1.2521706244570971
2023-11-20,1.0,0.0010212109779797148,5.359132163818803e-05,0.004554253896294824,0.0035542538962948242,1.2566290753175413
2023-11-21,1.0,0.0020321876919161728,5.359132163818803e-05,0.0032343337951328266,0.0032343337951328266,1.2607000130407047
2023-11-22,1.0,0.0008417317148207929,5.359132163818803e-05,-0.000987490275201175,-0.000987490275201175,1.2594556985132432
2023-11-23,1.0,0.0010704188910561248,5.359132163818803e-05,-0.0004146546175478605,-0.0004146546175478605,1.2589335676517253
2023-11-24,1.0,0.0031493930990476467,5.359132163818803e-05,0.008449145082789933,0.008449145082789933,1.2696155432481575
2023-11-27,1.0,0.0025984862530262927,5.359132163818803e-05,0.0022708954437451467,0.0022708954437451467,1.2725019835622673
2023-11-28,1.0,0.002101144844562123,5.359132163818803e-05,0.01639716300771621,0.01639716300771621,1.293539411730188
2023-11-29,-1.0,-0.0004640484042335615,5.359132163818803e-05,-0.002118565544531492,0.0011185655445314921,1.2949871298795157
2023-11-30,-1.0,-0.0017486357810972699,5.359132163818803e-05,-0.000999624253980258,0.000999624253980258,1.2962822776458476
2023-12-01,1.0,0.003204571193446914,1.1427532477520675e-05,0.021328319453997935,0.020328319453997934,1.3229031802645776
2023-12-04,-1.0,-0.001815674910320238,1.1427532477520675e-05,-0.024465308668513153,0.023465308668513152,1.3543125862217562
2023-12-05,-1.0,-0.0005327914868948031,1.1427532477520675e-05,-0.006618898330922107,0.006618898330922107,1.3633063751909826
2023-12-06,1.0,0.0005444904993094203,1.1427532477520675e-05,0.003446681116745509,0.002446681116745509,1.3666460350308318
2023-12-07,1.0,0.0008985754349565252,1.1427532477520675e-05,0.001974646625799714,0.001974646625799714,1.3693473442003343
2023-12-08,-1.0,-0.0032167980775983903,1.1427532477520675e-05,-0.015535968077922568,0.014535968077922568,1.3893975046903828
2023-12-11,0.0,-0.00019065852965243895,1.1427532477520675e-05,-0.009253391396689459,-0.0005,1.3887029795837835
2023-12-12,0.0,0.0002311144919388237,1.1427532477520675e-05,-0.0020983148983599875,-0.0,1.3887029795837835
2023-12-13,1.0,0.003251015944552739,1.1427532477520675e-05,0.02704501773430934,0.02654501773430934,1.4260597493044627
2023-12-14,1.0,0.004156653220931749,1.1427532477520675e-05,1.1588280599106326e-05,1.1588280599106326e-05,1.4260762749807405
2023-12-15,-1.0,-0.0018995341177779998,1.1427532477520675e-05,-0.005437002028505056,0.004437002028505056,1.4324178366628064
2023-12-18,0.0,2.0142334542531974e-05,1.1427532477520675e-05,0.0017686061616180027,-0.0005,1.4317018067668663
2023-12-19,1.0,0.0028008277669485065,1.1427532477520675e-05,0.005247079754973072,0.0047470797549730714,1.4385143665178826
2023-12-20,1.0,0.001242449976179739,1.1427532477520675e-05,-6.352915448992746e-05,-6.352915448992746e-05,1.438422981819283
2023-12-21,1.0,0.002413529071102944,1.1427532477520675e-05,0.006815076038469314,0.006815076038469314,1.4482594237945543
2023-12-22,1.0,0.0033678230083621402,1.1427532477520675e-05,0.001786162693516502,0.001786162693516502,1.450848562370876
2023-12-25,1.0,0.0025105390384802563,1.1427532477520675e-05,0.004661278950975678,0.004661278950975678,1.4576271584257596
2023-12-26,1.0,0.002039086834206037,1.1427532477520675e-05,0.0016197716409545038,0.0016197716409545038,1.4599900947520597
2023-12-27,1.0,0.0033541278445810754,1.1427532477520675e-05,0.007328070278749266,0.007328070278749266,1.4707283018869735
2023-12-28,1.0,0.001272644421606102,1.1427532477520675e-05,-0.006121449413805102,-0.006121449413805102,1.4617528125151487
2023-12-29,0.0,-5.0804119012976256e-05,1.1427532477520675e-05,-0.0029037636450652826,-0.0005,1.4610221187975434
2024-01-01,0.0,0.0003236871363762149,3.010291602217665e-08,0.0007450748525688056,0.0,1.4610221187975434
2024-01-02,1.0,0.002155926920550729,3.010291602217665e-08,-0.0007178408943238068,-0.0012178408943238068,1.4592439093216465
2024-01-03,-1.0,-0.003488701858953825,3.010291602217665e-08,-0.009883072136826598,0.008883072136826597,1.4722642228071614
2024-01-04,-1.0,-0.0006445281076208878,3.010291602217665e-08,0.001881046820449761,-0.001881046820449761,1.469497427923169
2024-01-05,0.0,0.00015298068654143735,3.010291602217665e-08,-0.0018279295843610655,-0.0005,1.4687628628657752
2024-01-08,-1.0,-0.0009360500334943203,3.010291602217665e-08,-0.004271613681043895,0.0037716136810438954,1.474312928746601
2024-01-09,0.0,7.75946704008488e-05,3.010291602217665e-08,-0.001400662667110808,-0.0005,1.4735759565406328
2024-01-10,-1.0,-0.0009320417977808786,3.010291602217665e-08,-0.0008865463025236053,0.0003865463025236053,1.474145671981726
2024-01-11,-1.0,-0.0010597406266979765,3.010291602217665e-08,0.0019300467861711468,-0.0019300467861711468,1.4713032457553268
2024-01-12,1.0,0.003888944489936724,3.010291602217665e-08,0.00834437321615411,0.007344373216154111,1.4821488241433398
2024-01-15,-1.0,-0.0008667751425612626,3.010291602217665e-08,0.0002822065122298767,-0.0012822065122298767,1.4802496211143745
2024-01-16,-1.0,-0.0031164646399736624,3.010291602217665e-08,-0.009182408740106673,0.009182408740106673,1.4939044744510128
2024-01-17,-1.0,-0.0017890275739343034,3.010291602217665e-08,-0.010555164966058683,0.010555164966058683,1.5097563952684117
2024-01-18,1.0,0.0008597721989506549,3.010291602217665e-08,0.0060912919093629725,0.0050912919093629725,1.517462606427801
2024-01-19,1.0,0.0024232419460186935,3.010291602217665e-08,0.0029546914092453136,0.0029546914092453136,1.5219528705605514
2024-01-22,0.0,-0.00033808036075385316,3.010291602217665e-08,-0.004077860992658167,-0.0005,1.5211920843376765
2024-01-23,-1.0,-0.0008681343898454,3.010291602217665e-08,0.0026876774906785528,-0.0031876774906785528,1.5163507350011152
2024-01-24,1.0,0.0031870630423224463,3.010291602217665e-08,-0.004962907726239862,-0.0059629077262398624,1.507335779871981
2024-01-25,1.0,0.0016921664774330394,3.010291602217665e-08,0.003061356920123437,0.003061356920123437,1.511957343210692
2024-01-26,1.0,0.002714894449376372,3.010291602217665e-08,-0.00019234271769708045,-0.00019234271769708045,1.51166655719244
2024-01-29,1.0,0.0036647261063922853,3.010291602217665e-08,0.004062012747702681,0.004062012747702681,1.5178194541307268
2024-01-30,1.0,0.0012909686749220247,3.010291602217665e-08,0.0017260503177132236,0.0017260503177132236,1.520441549164754
2024-01-31,0.0,0.00013411492471255724,3.010291602217665e-08,0.005239855725494458,-0.0005,1.5196815184136934
2024-02-01,1.0,0.0031116277598713803,6.831105794330788e-09,-0.0027731429624733295,-0.0032731429624733295,1.5147155151993241
2024-02-02,-1.0,-0.003263512976964379,6.831105794330788e-09,-0.006958427035562487,0.005958427035562487,1.52376777892097
2024-02-05,-1.0,-0.002023378866222133,6.831105794330788e-09,0.0054736379020452475,-0.0054736379020452475,1.5154500108448312
2024-02-06,1.0,0.00229083980643875,6.831105794330788e-09,-8.04217029495291e-05,-0.0010804217029495291,1.5138135699456972
2024-02-07,1.0,0.00045626495633511305,6.831105794330788e-09,-0.000462655440816917,-0.000462655440816917,1.5131133578521367
2024-02-08,0.0,-0.0001617666946212427,6.831105794330788e-09,-0.005178385158976617,-0.0005,1.5123569902808611
2024-02-09,0.0,8.098790925192815e-05,6.831105794330788e-09,-0.0003724309643802215,-0.0,1.5123569902808611
2024-02-12,1.0,0.0016313014182365926,6.831105794330788e-09,-0.001969552043173728,-0.002469552043173728,1.5086267538877531
2024-02-13,-1.0,-0.0027852062362117972,6.831105794330788e-09,-0.013436417735582573,0.012436417735582572,1.5275058170379843
2024-02-14,0.0,0.00021573419610717122,6.831105794330788e-09,-3.8858187028978364e-05,-0.0005,1.5267422550358734
2024-02-15,1.0,0.003946473342969819,6.831105794330788e-09,0.006007433348340641,0.00550743334834064,1.5351738832485686
2024-02-16,1.0,0.003314767443103363,6.831105794330788e-09,0.007426843046177467,0.007426843046177467,1.5466178222955973
2024-02-19,1.0,0.0007498684022660385,6.831105794330788e-09,-0.0012507882130377013,-0.0012507882130377013,1.544684540268629
2024-02-20,1.0,0.0012142346456073935,6.831105794330788e-09,0.00480398473645316,0.00480398473645316,1.552123034122558
2024-02-21,1.0,0.0011868956364898184,6.831105794330788e-09,0.00042754956470325567,0.00042754956470325567,1.5527867855333652
2024-02-22,0.0,0.0002312713979295225,6.831105794330788e-09,-0.00015429572194491925,-0.0005,1.5520105862066012
2024-02-23,1.0,0.0011872846876061585,6.831105794330788e-09,0.0020826673128331308,0.0015826673128331308,1.5544688474222692
2024-02-26,1.0,0.0013194942915071906,6.831105794330788e-09,0.0008385935615553564,0.0008385935615553564,1.555772961723859
2024-02-27,0.0,-0.0002573311062179196,6.831105794330788e-09,-0.00032466750581772175,-0.0005,1.5549952696822094
2024-02-28,1.0,0.001065070393024017,6.831105794330788e-09,0.0017426888196521162,0.0012426888196521162,1.556928846086514
2024-02-29,1.0,0.002351861093528477,6.831105794330788e-09,0.004113017098756444,0.004113017098756444,1.5633457083379747
2024-03-01,1.0,0.0033618421462293397,3.769237278572858e-10,0.01790725246730318,0.01790725246730318,1.591593096349122
2024-03-04,1.0,0.0038350720777476257,3.769237278572858e-10,0.014261051028679361,0.014261051028679361,1.614453506007475
2024-03-05,0.0,1.902153544718411e-05,3.769237278572858e-10,0.0069793549891681295,-0.0005,1.6136464810275293
2024-03-06,1.0,0.0035030002453787772,3.769237278572858e-10,0.00924767083032485,0.00874767083032485,1.6278240492223688
2024-03-07,1.0,0.0017238099905385418,3.769237278572858e-10,0.00487916607018235,0.00487916607018235,1.6357858808458041
2024-03-08,1.0,0.0027181857796747316,3.769237278572858e-10,0.010494996343441088,0.010494996343441088,1.6530438504416118
2024-03-11,1.0,0.0013602699038791667,3.769237278572858e-10,0.0010958766615329907,0.0010958766615329907,1.6548563755884096
2024-03-12,-1.0,-0.0021777479090029197,3.769237278572858e-10,-0.010585237065936504,0.009585237065936503,1.6707948311651208
2024-03-13,1.0,0.002872870980668124,3.769237278572858e-10,0.007494966294389727,0.006494966294389727,1.6816819045936626
2024-03-14,-1.0,-0.0007215146511567,3.769237278572858e-10,-0.005483250997642131,0.004483250997642131,1.6892382324708408
2024-03-15,1.0,0.0007019882767073103,3.769237278572858e-10,-0.005151917104168291,-0.006151917104168291,1.678878078972492
2024-03-18,1.0,0.0006877287263077601,3.769237278572858e-10,0.004225938964225406,0.004225938964225406,1.6859879275747562
2024-03-19,0.0,-6.975310025034586e-05,3.769237278572858e-10,-0.0012273338671455747,-0.0005,1.6851451443243395
2024-03-20,1.0,0.0016385779445193768,3.769237278572858e-10,0.021661288824946112,0.021161288824946112,1.7211849671084587
2024-03-21,-1.0,-0.00143239985573027,3.769237278572858e-10,-0.013328522255238617,0.012328522255238616,1.7425359770494249
2024-03-22,0.0,0.0001889632860771602,3.769237278572858e-10,-0.0005546089197512316,-0.0005,1.7416649268415991
2024-03-25,0.0,0.0005265066863401198,3.769237278572858e-10,-0.002414802307558972,-0.0,1.7416649268415991
2024-03-26,1.0,0.0015003954911678038,3.769237278572858e-10,0.002734605920421629,0.002234605920421629,1.7455612133095844
2024-03-27,0.0,0.0001699035373164881,3.769237278572858e-10,0.006256481168793293,-0.0005,1.7446886508617199
2024-03-28,1.0,0.00118913446456191,3.769237278572858e-10,0.019719686629550814,0.019219686629550814,1.7785453352244014
2024-03-29,1.0,0.0025784343692121193,3.769237278572858e-10,0.01038944555072252,0.01038944555072252,1.7971197570387252
2024-04-01,1.0,0.0006643941394783619,3.1090755137951616e-10,-0.003481526845274807,-0.003481526845274807,1.7908739152022681
2024-04-02,1.0,0.004455123718019668,3.1090755137951616e-10,0.015351892501016984,0.015351892501016984,1.818579340251047
2024-04-03,1.0,0.005024983937977192,3.1090755137951616e-10,0.007322240570480254,0.007322240570480254,1.8319442866395605
2024-04-04,1.0,0.0011124959353725331,3.1090755137951616e-10,-0.011802744260529074,-0.011802744260529074,1.8104494154859838
2024-04-05,1.0,0.0038912956567297512,3.1090755137951616e-10,0.02306207832800311,0.02306207832800311,1.8526873165707565
2024-04-08,1.0,0.0022617706322750814,3.1090755137951616e-10,0.0064785748247366826,0.0064785748247366826,1.8647290545102437
2024-04-09,1.0,0.005137082923910847,3.1090755137951616e-10,0.0033791295582883407,0.0033791295582883407,1.8710408737981328
2024-04-10,-1.0,-0.002129669813579929,3.1090755137951616e-10,-0.0036041086269502642,0.0026041086269502642,1.8759196171106902
2024-04-11,1.0,0.0017016156638590576,3.1090755137951616e-10,0.02158217312862032,0.020582173128620318,1.9149302036201126
2024-04-12,1.0,0.0010191435849769468,3.1090755137951616e-10,-0.015096987660341732,-0.015096987660341732,1.8862376564437155
2024-04-15,1.0,0.00104812514680826,3.1090755137951616e-10,0.007845748723543267,0.007845748723543267,1.9010948096626252
2024-04-16,1.0,0.0016669130695472728,3.1090755137951616e-10,0.003685779513528331,0.003685779513528331,1.9081147550035724
2024-04-17,1.0,0.0009020802942860923,3.1090755137951616e-10,-0.005994091358744846,-0.005994091358744846,1.8967115509049344
2024-04-18,1.0,0.001859869849426736,3.1090755137951616e-10,0.017855969673248318,0.017855969673248318,1.9308833522333348
2024-04-19,1.0,0.002774025816443029,3.1090755137951616e-10,-0.014877791296435738,-0.014877791296435738,1.9023687160750082
2024-04-22,-1.0,-0.005757834757050537,3.1090755137951616e-10,-0.028983381893428195,0.027983381893428194,1.9563552665994166
2024-04-23,0.0,-4.153970137099149e-05,3.1090755137951616e-10,0.004657955204769415,-0.0005,1.955377333469773
2024-04-24,1.0,0.0010382273473350321,3.1090755137951616e-10,0.00031707179019413445,-0.00018292820980586556,1.9550196725088036
2024-04-25,1.0,0.002199009817798146,3.1090755137951616e-10,0.0060990930856847925,0.0060990930856847925,1.9669799558406704
2024-04-26,1.0,0.0019280052459938195,3.1090755137951616e-10,-0.0018377606465076468,-0.0018377606465076468,1.963368437055357
2024-04-29,1.0,0.0029121492558897358,3.1090755137951616e-10,0.0009320997846700152,0.0009320997846700152,1.9651993455148953
2024-04-30,-1.0,-0.004716678948031558,3.1090755137951616e-10,-0.019282089868851493,0.018282089868851492,2.0014577261509965
2024-05-01,1.0,0.0010972605429729403,3.7362568022342875e-11,0.01626285325747112,0.01526285325747112,2.032239996795623
2024-05-02,1.0,0.001999091996745911,3.7362568022342875e-11,-0.01016465572520886,-0.01016465572520886,2.0116876078125197
2024-05-03,1.0,0.0013684925129494692,3.7362568022342875e-11,0.004881146466989783,0.004881146466989783,2.0215309535345587
2024-05-06,1.0,0.004430580541553838,3.7362568022342875e-11,0.004157734559350423,0.004157734559350423,2.0299534397407344
2024-05-07,0.0,-8.00558146177943e-05,3.7362568022342875e-11,-0.005964583839659809,-0.0005,2.0289387167227586
2024-05-08,1.0,0.0016265093266194602,3.7362568022342875e-11,0.00027843937452765033,-0.00022156062547234968,2.0284892335873574
2024-05-09,1.0,0.005784464066981917,3.7362568022342875e-11,0.0180668005640916,0.0180668005640916,2.0654706056372385
2024-05-10,1.0,0.0017918331839914567,3.7362568022342875e-11,0.0032254035810028725,0.0032254035810028725,2.0721433372665348
2024-05-13,1.0,0.002303248309227602,3.7362568022342875e-11,-0.0067989524480909225,-0.0067989524480909225,2.0581027180883744
2024-05-14,1.0,0.0036062835563886396,3.7362568022342875e-11,0.006362669861197823,0.006362669861197823,2.07123949439073
2024-05-15,1.0,0.006062292207131488,3.7362568022342875e-11,0.01287197656334893,0.01287197656334893,2.098072768764589
2024-05-16,1.0,0.0022536537403039882,3.7362568022342875e-11,-0.0046147855566252005,-0.0046147855566252005,2.0884129190651866
2024-05-17,1.0,0.0058172944379957,3.7362568022342875e-11,0.023568540898852852,0.023568540898852852,2.1382183799251635
2024-05-20,1.0,0.0038744209146499083,3.7362568022342875e-11,-0.00544537168995074,-0.00544537168995074,2.1266066299322186
2024-05-21,-1.0,-0.0025678978174774945,3.7362568022342875e-11,0.0019057711847789705,-0.0029057711847789705,2.120436166984012
2024-05-22,-1.0,-0.0010227069434626103,3.7362568022342875e-11,-0.02222910435212988,0.02222910435212988,2.1680993561679487
2024-05-23,-1.0,-0.0033611606133496694,3.7362568022342875e-11,-0.01620203938526199,0.01620203938526199,2.203513100074316
2024-05-24,0.0,-0.00019697233823955248,3.7362568022342875e-11,0.0020625553878517167,-0.0005,2.2024116189175156
2024-05-27,1.0,0.00374298427355934,3.7362568022342875e-11,0.006399483135535178,0.005899483135535177,2.2154431108587542
2024-05-28,1.0,0.005297335184354591,3.7362568022342875e-11,0.0015514189074892215,0.0015514189074892215,2.2188828587444327
2024-05-29,0.0,0.0004113413520344484,3.7362568022342875e-11,-0.009227300384780257,-0.0005,2.217773694629197
2024-05-30,0.0,0.00016215673876341036,3.7362568022342875e-11,0.004702038065443226,0.0,2.217773694629197
2024-05-31,-1.0,-0.0020002287690064303,3.7362568022342875e-11,-0.007168176011073335,0.006668176011073335,2.232611615933049
2024-06-03,1.0,0.002048013096472523,3.237159543072228e-12,0.00783606807119952,0.00683606807119952,2.247926187001494
2024-06-04,-1.0,-0.0028367105706538637,3.237159543072228e-12,-0.007390229470658483,0.0063902294706584825,2.2623369461598517
2024-06-05,1.0,0.001190996846146937,3.237159543072228e-12,0.015747254324983473,0.014747254324983472,2.295947426488412
2024-06-06,1.0,0.0072657004169978286,3.237159543072228e-12,0.0011055623512099544,0.0011055623512099544,2.298487143172385
2024-06-07,-1.0,-0.005640144956782082,3.237159543072228e-12,-0.0309088918596494,0.0299088918596494,2.368270719345321
2024-06-10,1.0,0.00044709967143435767,3.237159543072228e-12,0.000996000328431279,-3.9996715687209625e-06,2.368261247059201
2024-06-11,1.0,0.0007254348022704387,3.237159543072228e-12,0.005248172767489123,0.005248172767489123,2.3807229632590445
2024-06-12,1.0,0.005793794268680238,3.237159543072228e-12,0.0004802844042171017,0.0004802844042171017,2.381866661997408
2024-06-13,-1.0,-0.0043918952671002185,3.237159543072228e-12,-0.003495295102136531,0.002495295102136531,2.3878175437282882
2024-06-14,1.0,0.0012138758742722307,3.237159543072228e-12,0.00816206502723471,0.007162065027234711,2.404980636477553
2024-06-17,1.0,0.0005877568388274391,3.237159543072228e-12,-0.0006737582355160754,-0.0006737582355160754,2.4033608067155674
2024-06-18,1.0,0.0032780493715546585,3.237159543072228e-12,0.0028270620439192484,0.0028270620439192484,2.410164870053015
2024-06-19,1.0,0.0013635833464781205,3.237159543072228e-12,0.0029311123738215983,0.0029311123738215983,2.417239697618654
2024-06-20,1.0,0.005915441931544511,3.237159543072228e-12,0.009880011484153073,0.009880011484153073,2.441240422072865
2024-06-21,-1.0,-0.002685694075147825,3.237159543072228e-12,-0.016296398944673385,0.015296398944673384,2.478869671792373
2024-06-24,1.0,0.001027029899008239,3.237159543072228e-12,0.0017061158687585731,0.0007061158687585731,2.4806206591314295
2024-06-25,-1.0,-0.001393054422526444,3.237159543072228e-12,-0.004894886393409514,0.0038948863934095143,2.4903012349173745
2024-06-26,-1.0,-0.0007866451006493198,3.237159543072228e-12,-0.006857843485883919,0.006857843485883919,2.5074380245678713
2024-06-27,1.0,0.0033439087638099125,3.237159543072228e-12,0.009581434671328104,0.008581434671328103,2.529048029977865
2024-06-28,1.0,0.002409382993062628,3.237159543072228e-12,0.0024881137384946683,0.0024881137384946683,2.5353484239246087
2024-07-01,1.0,0.004033579468673126,4.2505202815830664e-13,0.0029335895835744807,0.0029335895835744807,2.5427970158657827
2024-07-02,1.0,0.0009890456417737056,4.2505202815830664e-13,-0.001248718651790881,-0.001248718651790881,2.5396237594689155
2024-07-03,1.0,0.007162484208396008,4.2505202815830664e-13,0.012865689078990883,0.012865689078990883,2.572508860266732
2024-07-04,0.0,-0.0002315060879319025,4.2505202815830664e-13,-0.0004219853481579605,-0.0005,2.571222927346619
2024-07-05,1.0,0.0062977532535639065,4.2505202815830664e-13,0.011141093914202926,0.010641093914202926,2.5987296432093525
2024-07-08,0.0,-0.0002641545733237771,4.2505202815830664e-13,-0.009879564704277755,-0.0005,2.59743060317482
2024-07-09,1.0,0.0008882789801100721,4.2505202815830664e-13,0.0010552112311188466,0.0005552112311188466,2.5988731262332
2024-07-10,1.0,0.0036011999548457964,4.2505202815830664e-13,0.0029794583106701467,0.0029794583106701467,2.606627907154054
2024-07-11,1.0,0.005627536257459371,4.2505202815830664e-13,0.01671222960975438,0.01671222960975438,2.6505565213604547
2024-07-12,-1.0,-0.0018475746514730724,4.2505202815830664e-13,-0.0016983679678146402,0.0006983679678146401,2.6524082316441695
2024-07-15,1.0,0.0016633554123436005,4.2505202815830664e-13,0.005454065522384255,0.004454065522384255,2.6642485809711243
2024-07-16,1.0,0.004382936994882241,4.2505202815830664e-13,0.018899754935953972,0.018899754935953972,2.7150810739621107
2024-07-17,-1.0,-0.002036908143553684,4.2505202815830664e-13,-0.003470750842581971,0.002470750842581971,2.721797656897912
2024-07-18,-1.0,-0.0008103855759706747,4.2505202815830664e-13,-0.009211489296640174,0.009211489296640174,2.746985296618321
2024-07-19,-1.0,-0.004235183815199897,4.2505202815830664e-13,-0.011146495715457228,0.011146495715457228,2.7777758409976876
2024-07-22,1.0,0.0010995812382171637,4.2505202815830664e-13,-0.0050536781852903445,-0.0060536781852903445,2.7610108760355496
2024-07-23,1.0,0.0036852270352467887,4.2505202815830664e-13,0.005212944107069184,0.005212944107069184,2.7754414516243524
2024-07-24,1.0,0.000537703445782595,4.2505202815830664e-13,-0.005112499212828858,-0.005112499212828858,2.761288219409619
2024-07-25,-1.0,-0.0065450849882459795,4.2505202815830664e-13,-0.013685073229526168,0.012685073229526167,2.796538465981877
2024-07-26,1.0,0.003451603683861991,4.2505202815830664e-13,0.014186489663519097,0.013186489663519096,2.833659199754548
2024-07-29,-1.0,-0.0007032064401263461,4.2505202815830664e-13,-0.007003722885125185,0.006003722885125185,2.850722875877639
2024-07-30,1.0,0.005302686106713195,4.2505202815830664e-13,0.011285940992206811,0.01028594099220681,2.880196565620138
2024-07-31,1.0,0.006193591758778187,4.2505202815830664e-13,0.015278997708300324,0.015278997708300324,2.924540988843902
2024-08-01,-1.0,-0.0018034032726635155,8.664492340784557e-16,-0.00013525225239430227,-0.0008647477476056977,2.9220130917651987
2024-08-02,1.0,0.004524819664290124,8.664492340784557e-16,-0.0047464382316873,-0.0057464382316873,2.9052700764461976
2024-08-05,-1.0,-0.004125743467379825,8.664492340784557e-16,-0.010748458645639225,0.009748458645639224,2.933730478780329
2024-08-06,1.0,0.0004426457296732725,8.664492340784557e-16,-0.010541947767476856,-0.011541947767476857,2.9000641759265093
2024-08-07,1.0,0.00039193859702380646,8.664492340784557e-16,0.0008417106602411906,0.0008417106602411906,2.90250621846121
2024-08-08,1.0,0.007659477174856835,8.664492340784557e-16,0.016130300942188924,0.016130300942188924,2.949704152338787
2024-08-09,-1.0,-0.001245195888371002,8.664492340784557e-16,0.0018093669182412953,-0.0028093669182412953,2.9414289805142686
2024-08-12,1.0,0.005589237466442656,8.664492340784557e-16,0.019640681854099284,0.018640681854099284,2.996773449092963
2024-08-13,1.0,0.00209523067623862,8.664492340784557e-16,-0.004519802083928326,-0.004519802083928326,2.9832591901071086
2024-08-14,-1.0,-0.0010318168141787137,8.664492340784557e-16,-0.00615984794464719,0.00515984794464719,2.9986921354927105
2024-08-15,1.0,0.004747267121412561,8.664492340784557e-16,0.003226933624815409,0.002226933624815409,3.005377464969369
2024-08-16,1.0,0.005350550019484263,8.664492340784557e-16,0.01945982939276103,0.01945982939276103,3.0644343525255135
2024-08-19,1.0,0.005573159859857833,8.664492340784557e-16,-0.00048153989469401637,-0.00048153989469401637,3.062959060364625
2024-08-20,1.0,0.002273252896056643,8.664492340784557e-16,0.003431706589826611,0.003431706589826611,3.0734882934424967
2024-08-21,-1.0,-0.0008903315174223482,8.664492340784557e-16,-0.0003307111022250453,-0.0006692888977749547,3.071431930077601
2024-08-22,-1.0,-0.003419752917670677,8.664492340784557e-16,-0.010214336533418411,0.010214336533418411,3.102965341726939
2024-08-23,1.0,0.007718560073282583,8.664492340784557e-16,0.011177372107789019,0.010177372107789018,3.134706622081161
2024-08-26,-1.0,-0.001522425859588891,8.664492340784557e-16,0.000490295171807098,-0.001490295171807098,3.130038463268502
2024-08-27,1.0,0.004125205780602712,8.664492340784557e-16,0.0034628005724997024,0.0024628005724997024,3.137756624032024
2024-08-28,-1.0,-0.002770842415930634,8.664492340784557e-16,-0.005911625059249026,0.004911625059249026,3.1532060178528676
2024-08-29,1.0,0.003547553803915317,8.664492340784557e-16,0.0034218248747928115,0.0024218248747928115,3.160851785240054
2024-08-30,-1.0,-0.0019696757309441305,8.664492340784557e-16,-0.006499720868588632,0.005499720868588632,3.1782834785516836
2024-09-02,0.0,-0.0010039442527728826,4.110006326518505e-17,-0.0023791762540685824,-0.0005,3.1766947340316367
2024-09-03,-1.0,-0.00204210904495237,4.110006326518505e-17,-0.0012210053328702841,0.0007210053328702841,3.178985973774553
2024-09-04,1.0,0.005569611966142624,4.110006326518505e-17,0.0009055068151271328,-9.44931848728672e-05,3.1786855954573
2024-09-05,1.0,0.006382485849679152,4.110006326518505e-17,0.008693553527763243,0.008693553527763243,3.2064401368226236
2024-09-06,-1.0,-0.0026791903805986335,4.110006326518505e-17,-0.007752254790684532,0.006752254790684532,3.228164097919505
2024-09-09,0.0,0.0002220962082985068,4.110006326518505e-17,0.0034120724665642754,-0.0005,3.2265504193238126
2024-09-10,1.0,0.005323080229483709,4.110006326518505e-17,0.0047591703432834365,0.004259170343283436,3.24032215444493
2024-09-11,1.0,0.0018134979213520702,4.110006326518505e-17,-0.002543454118355548,-0.002543454118355548,3.2320910159153824
2024-09-12,1.0,0.008641572054729783,4.110006326518505e-17,0.01817712668217819,0.01817712668217819,3.291378348025121
2024-09-13,1.0,0.00411913940438155,4.110006326518505e-17,0.0090359843045551,0.0090359843045551,3.3212539656482485
2024-09-16,1.0,0.0015062003535753065,4.110006326518505e-17,0.0009224969017864737,0.0009224969017864737,3.3243192257707097
2024-09-17,0.0,-0.0009554373941489933,4.110006326518505e-17,-0.00409051466051924,-0.0005,3.3226574816284797
2024-09-18,1.0,0.003269679525567267,4.110006326518505e-17,-0.005897385033130753,-0.006397385033130754,3.3014690100549275
2024-09-19,1.0,0.007290953530168202,4.110006326518505e-17,0.010971249012817985,0.010971249012817985,3.337889673432177
2024-09-20,0.0,-5.8247042000203804e-05,4.110006326518505e-17,0.013022187414801323,-0.0005,3.3362211457621394
2024-09-23,1.0,0.0021935287946030614,4.110006326518505e-17,0.001997021656015896,0.001497021656015896,3.3412192812917345
2024-09-24,1.0,0.00801190027715,4.110006326518505e-17,0.012278422755485963,0.012278422755485963,3.3824970786853488
2024-09-25,-1.0,-0.0023780204838508806,4.110006326518505e-17,-0.00039993160505424896,-0.0006000683949457511,3.38046795795893
2024-09-26,1.0,0.0071687821608802165,4.110006326518505e-17,0.005627009073320366,0.004627009073320366,3.3961456563281875
2024-09-27,-1.0,-0.0019879212957361124,4.110006326518505e-17,-0.0025851087877812873,0.0015851087877812873,3.4015331854344386
2024-09-30,0.0,-0.0008944612653049165,4.110006326518505e-17,-0.010684986613217262,-0.0005,3.399832843962513
2024-10-01,1.0,0.0017271648520789577,7.666447695401886e-19,0.008650263044723161,0.00815026304472316,3.427655603338127
2024-10-02,-1.0,-0.0008348214461570056,7.666447695401886e-19,0.0004913301085549548,-0.0014913301085549549,3.422547647106275
2024-10-03,1.0,0.0010428728974007243,7.666447695401886e-19,-0.0014496201141733778,-0.002449620114173378,3.4141739659044434
2024-10-04,0.0,0.0002540428941997948,7.666447695401886e-19,-0.0025487510263406676,-0.0005,3.4124673056221173
2024-10-07,-1.0,-0.0018587854743293854,7.666447695401886e-19,-0.0024053308429889952,0.0019053308429889952,3.418975382881528
2024-10-08,-1.0,-0.0038348771594867936,7.666447695401886e-19,-0.007903322585263162,0.007903322585263162,3.446103708991276
2024-10-09,1.0,0.0020928576885297532,7.666447695401886e-19,-0.006144107291047085,-0.007144107291047085,3.4215721068943212
2024-10-10,1.0,0.005730779389451442,7.666447695401886e-19,0.010135099292508443,0.010135099292508443,3.456426407479782
2024-10-11,1.0,0.008397123233348038,7.666447695401886e-19,0.004798932375724263,0.004798932375724263,3.4730534281351444
2024-10-14,-1.0,-0.0016698413047710435,7.666447695401886e-19,0.001030683507426744,-0.002030683507426744,3.4660079118462015
2024-10-15,1.0,0.0005425118397803002,7.666447695401886e-19,0.004263998056246443,0.003263998056246443,3.477339437912724
2024-10-16,1.0,0.0049813451227453545,7.666447695401886e-19,0.005482807115999577,0.005482807115999577,3.4964573814337534
2024-10-17,1.0,0.0026578648805363684,7.666447695401886e-19,0.007178761684987656,0.007178761684987656,3.521647925992834
2024-10-18,1.0,0.00820889640639619,7.666447695401886e-19,0.010956402806542087,0.010956402806542087,3.560444667471554
2024-10-21,0.0,4.850280053911212e-05,7.666447695401886e-19,-0.00040222298866954276,-0.0005,3.558664890119235
2024-10-22,1.0,0.005952179660657345,7.666447695401886e-19,0.007279144765738543,0.006779144765738543,3.582871552110073
2024-10-23,-1.0,-0.006834191480068377,7.666447695401886e-19,-0.008206337106449801,0.007206337106449801,3.6087841877780282
2024-10-24,1.0,0.002346255102439421,7.666447695401886e-19,0.00456342062574322,0.0035634206257432197,3.6216667431364984
2024-10-25,1.0,0.001203612078348412,7.666447695401886e-19,-8.4707438317011e-05,-8.4707438317011e-05,3.621359974017246
2024-10-28,1.0,0.003551534558890228,7.666447695401886e-19,0.002916421662717106,0.002916421662717106,3.631936802442958
2024-10-29,1.0,0.006332357507345989,7.666447695401886e-19,0.009400743225104868,0.009400743225104868,3.6662406961501373
2024-10-30,1.0,0.0011406348440224417,7.666447695401886e-19,0.006957743672839634,0.006957743672839634,3.691838407046628
2024-10-31,-1.0,-0.0038061448220004877,7.666447695401886e-19,-0.01406628878842664,0.013066288788426639,3.740393560856227
2024-11-01,0.0,-0.0003576171964824349,7.315066716605588e-22,-0.002867234873348501,-0.0005,3.738523831547079
2024-11-04,1.0,0.004953818210154748,7.315066716605588e-22,-0.0011529123670639407,-0.0016529123670639407,3.732349483505225
2024-11-05,1.0,0.004296363052905619,7.315066716605588e-22,0.0031750851200911256,0.0031750851200911256,3.744218843956745
2024-11-06,-1.0,-0.007754724480532491,7.315066716605588e-22,-0.030006520906696643,0.029006520906696642,3.8544160992721195
2024-11-07,1.0,0.00480918743624009,7.315066716605588e-22,0.01676616896745564,0.01576616896745564,3.9156670524347823
2024-11-08,-1.0,-0.0020080232236125302,7.315066716605588e-22,-0.008834124531057697,0.007834124531057696,3.9464633492516614
2024-11-11,-1.0,-0.005078177859565649,7.315066716605588e-22,-0.023229872626856718,0.023229872626856718,4.039212292468083
2024-11-12,-1.0,-0.001622781780746485,7.315066716605588e-22,-0.009363916709133058,0.009363916709133058,4.077212778974758
2024-11-13,1.0,0.00315300801621027,7.315066716605588e-22,-0.010145250963054409,-0.01114525096305441,4.032023509965832
2024-11-14,0.0,0.00030570618928379625,7.315066716605588e-22,-0.0020763594074661995,-0.0005,4.030008002129798
2024-11-15,1.0,0.0042695147599777,7.315066716605588e-22,0.002010258541884191,0.0015102585418841912,4.036098954437524
2024-11-18,1.0,0.009284656510565387,7.315066716605588e-22,0.015410592643980259,0.015410592643980259,4.098779361934901
2024-11-19,1.0,0.001170641755597218,7.315066716605588e-22,0.009310138000416579,0.009310138000416579,4.137117754363549
2024-11-20,-1.0,-0.001490836254848307,7.315066716605588e-22,0.006058884972085288,-0.007058884972085288,4.108017145778813
2024-11-21,1.0,0.002883152639989492,7.315066716605588e-22,0.006964807683607077,0.005964807683607077,4.132593902961534
2024-11-22,1.0,0.0077037914230439,7.315066716605588e-22,0.017684877913621833,0.017684877913621833,4.20632839260036
2024-11-25,-1.0,-0.006186612773086844,7.315066716605588e-22,-0.04033678436534327,0.03933678436534327,4.375089320754101
2024-11-26,0.0,0.0007836018051361606,7.315066716605588e-22,0.008053997319182216,-0.0005,4.372902322888752
2024-11-27,1.0,0.004939278980137536,7.315066716605588e-22,0.0017492824895839476,0.0012492824895839476,4.378368727019924
2024-11-28,0.0,-0.0003241742048601416,7.315066716605588e-22,0.0004327871254830029,-0.0005,4.3761800898613
2024-11-29,1.0,0.006890580395127824,7.315066716605588e-22,0.0029834361366560813,0.0024834361366560813,4.387061559762182
2024-12-02,-1.0,-0.0024916876860036742,3.8008503498181286e-28,-0.0014652230331124727,0.0004652230331124727,4.389102996672382
2024-12-03,1.0,0.006995613488495328,3.8008503498181286e-28,0.00045609878316632546,-0.0005439012168336746,4.38671640730495
2024-12-04,1.0,0.003729750518859169,3.8008503498181286e-28,0.002280175627557668,0.002280175627557668,4.396730303524254
2024-12-05,1.0,0.002317983833896576,3.8008503498181286e-28,-0.006412604198174243,-0.006412604198174243,4.368626019454085
2024-12-06,0.0,-0.0005388047679872061,3.8008503498181286e-28,0.0014303188361033392,-0.0005,4.366442252431609
2024-12-09,1.0,0.009876511767040004,3.8008503498181286e-28,0.008729374528732237,0.008229374528732236,4.402523600923391
2024-12-10,1.0,0.0012100676351779161,3.8008503498181286e-28,0.013348837769268762,0.013348837769268762,4.461686171506348
2024-12-11,1.0,0.002343372798177099,3.8008503498181286e-28,0.009417650072622408,0.009417650072622408,4.503903251419866
2024-12-12,-1.0,-0.006736413952476793,3.8008503498181286e-28,-0.014996803546803328,0.013996803546803327,4.56738674701165
2024-12-13,-1.0,-0.0020158495838347823,3.8008503498181286e-28,-0.010811319521153884,0.010811319521153884,4.617034117720734
2024-12-16,1.0,0.0020204573903318326,3.8008503498181286e-28,0.0006162880561930706,-0.00038371194380692943,4.615262846435507
2024-12-17,0.0,0.0006128028256618004,3.8008503498181286e-28,-0.001967662346499033,-0.0005,4.612955791824006
2024-12-18,-1.0,-0.002817277150331607,3.8008503498181286e-28,-0.021990463324082832,0.02149046332408283,4.713163244758591
2024-12-19,-1.0,-0.0012444094285556015,3.8008503498181286e-28,0.0014671965304451362,-0.0014671965304451362,4.706253178450704
2024-12-20,1.0,0.006325911922995112,3.8008503498181286e-28,0.011959551109639754,0.010959551109639754,4.758115274236618
2024-12-23,0.0,-0.00036997363916390063,3.8008503498181286e-28,-0.0034808117726088383,-0.0005,4.755736811264795
2024-12-24,1.0,0.0056446550169032385,3.8008503498181286e-28,0.00020352597039785536,-0.00029647402960214465,4.7543270677951215
2024-12-25,0.0,0.0002079204323807193,3.8008503498181286e-28,0.0010339654618842786,-0.0005,4.751950498453072
2024-12-26,1.0,0.004117404313085046,3.8008503498181286e-28,0.0053278321108445326,0.004827832110844532,4.774947586029654
2024-12-27,1.0,0.0016175080441995114,3.8008503498181286e-28,-0.003178477688793535,-0.003178477688793535,4.759794616107891
2024-12-30,-1.0,-0.002963132584975131,3.8008503498181286e-28,-0.007354900949732901,0.006354900949732901,4.7901389549475
2024-12-31,0.0,6.8561480057693e-05,3.8008503498181286e-28,0.007268817020483098,-0.0005,4.787744484137614
2025-01-01,1.0,0.0036392475367679443,9.647147723612757e-31,0.00043837038222349634,-6.162961777650367e-05,4.787449426367288
2025-01-02,1.0,0.0038722354455747853,9.647147723612757e-31,0.013354087886446209,0.013354087886446209,4.851810230213156
2025-01-03,1.0,0.002449072809497426,9.647147723612757e-31,-0.007496962422908204,-0.007496962422908204,4.8155723977952425
2025-01-06,1.0,0.0025018951689207256,9.647147723612757e-31,-0.002422004218982643,-0.002422004218982643,4.803923174060113
2025-01-07,1.0,0.0054838830733885836,9.647147723612757e-31,0.005631174208565071,0.005631174208565071,4.831051212005532
2025-01-08,0.0,0.00022016474174606563,9.647147723612757e-31,0.004718942212648791,-0.0005,4.828636290180296
2025-01-09,1.0,0.005380440534733475,9.647147723612757e-31,0.0029920255028548226,0.0024920255028548226,4.840684380798899
2025-01-10,1.0,0.002915441126796697,9.647147723612757e-31,0.008334770167371275,0.008334770167371275,4.881198977953434
2025-01-13,-1.0,-0.005592382346936048,9.647147723612757e-31,-0.009208002607827837,0.008208002607827836,4.921428749066138
2025-01-14,1.0,0.003320773536526849,9.647147723612757e-31,0.0027319220933001986,0.0017319220933001986,4.929959665556209
2025-01-15,1.0,0.009439175999600743,9.647147723612757e-31,0.007271437481961129,0.007271437481961129,4.965938208388613
2025-01-16,1.0,0.0012368970535807876,9.647147723612757e-31,0.007653178962964802,0.007653178962964802,5.004089224280336
2025-01-17,1.0,0.002473175498697586,9.647147723612757e-31,-0.007759334960113939,-0.007759334960113939,4.965411072246146
2025-01-20,1.0,0.004731998319218725,9.647147723612757e-31,0.005946710222264784,0.005946710222264784,4.9950269041361075
2025-01-21,1.0,0.0015092477566381207,9.647147723612757e-31,0.012639339054300258,0.012639339054300258,5.058561414052857
2025-01-22,1.0,0.003822569592993931,9.647147723612757e-31,0.003421643583799039,0.003421643583799039,5.075899653981382
2025-01-23,-1.0,-0.003414891642513303,9.647147723612757e-31,0.0003707734690765463,-0.0013707734690765463,5.068946512083987
2025-01-24,1.0,0.008034670102751695,9.647147723612757e-31,0.004313926647409261,0.0033139266474092608,5.08577249364027
2025-01-27,-1.0,-0.003820750227566519,9.647147723612757e-31,-0.009014157337950301,0.0080141573379503,5.1266944329963575
2025-01-28,1.0,0.001831998980266053,9.647147723612757e-31,0.007384307986320948,0.006384307986320948,5.159529532373819
2025-01-29,1.0,0.007420356039934023,9.647147723612757e-31,-0.0009647686270071176,-0.0009647686270071176,5.154554180568446
2025-01-30,1.0,0.008284104866667377,9.647147723612757e-31,0.013464359769895573,0.013464359769895573,5.224426288524977
2025-01-31,0.0,-3.5064920444296724e-05,9.647147723612757e-31,-0.0008857906679837768,-0.0005,5.221814728325172
2025-02-03,1.0,0.003191978762950283,7.890290007834768e-32,0.006798254638434642,0.006298254638434642,5.254806834440715
2025-02-04,1.0,0.008642702199092044,7.890290007834768e-32,0.009777488957035452,0.009777488957035452,5.306437648772521
2025-02-05,1.0,0.0021217031926430863,7.890290007834768e-32,0.009713628107339112,0.009713628107339112,5.358233566544344
2025-02-06,-1.0,-0.001709911772294888,7.890290007834768e-32,-0.0036805132798889417,0.0026805132798889417,5.372615649847404
2025-02-07,0.0,0.001224808457258574,7.890290007834768e-32,0.003288648232500968,-0.0005,5.369930013487521
2025-02-10,1.0,0.0042737913252094235,7.890290007834768e-32,0.01685069072678047,0.01635069072678047,5.458453818852669
2025-02-11,0.0,0.00015966164046973363,7.890290007834768e-32,-0.00715888663934372,-0.0005,5.455725274136267
2025-02-12,1.0,0.005677838685985799,7.890290007834768e-32,0.0036504967920718556,0.0031504967920718556,5.472940623322622
2025-02-13,1.0,0.005808562528847492,7.890290007834768e-32,0.007691184079459568,0.007691184079459568,5.515196306932786
2025-02-14,0.0,0.00021441380753695153,7.890290007834768e-32,-0.015087391188501442,-0.0005,5.5124393980639725
2025-02-17,1.0,0.004573462843631273,7.890290007834768e-32,0.004887705385398178,0.004387705385398177,5.536679498417866
2025-02-18,1.0,0.005841446135166633,7.890290007834768e-32,0.011845147458296346,0.011845147458296346,5.60265224056459
2025-02-19,0.0,0.0007457795632930527,7.890290007834768e-32,0.0010497249399294972,-0.0005,5.599851614659131
2025-02-20,1.0,0.007728637945257803,7.890290007834768e-32,0.0013995848792323073,0.0008995848792323073,5.60489142302545
2025-02-21,0.0,-0.0008651907232002841,7.890290007834768e-32,-0.00129179066738061,-0.0005,5.602089677808611
2025-02-24,1.0,0.0017647669744718525,7.890290007834768e-32,0.004973498233496798,0.004473498233496798,5.627206754798664
2025-02-25,-1.0,-0.006414405440540069,7.890290007834768e-32,-0.01069312851957882,0.00969312851957882,5.682017206304224
2025-02-26,1.0,0.003826665030157533,7.890290007834768e-32,-0.0007149938359631847,-0.0017149938359631847,5.672280933030264
2025-02-27,-1.0,-0.0038594597199461695,7.890290007834768e-32,-0.01483126610812402,0.013831266108124018,5.751280834976301
2025-02-28,-1.0,-0.002607610239656021,7.890290007834768e-32,-0.00238183394252367,0.00238183394252367,5.7649957577324225
2025-03-03,1.0,0.008224308156873392,9.651615153237845e-38,0.007883730632549657,0.006883730632549657,5.804817338897671
2025-03-04,1.0,0.004659624106297049,9.651615153237845e-38,0.007405018533048313,0.007405018533048313,5.847961663987722
2025-03-05,1.0,0.002740183580234968,9.651615153237845e-38,0.0020434323815852196,0.0020434323815852196,5.859923795959657
2025-03-06,0.0,-0.00037005925255319657,9.651615153237845e-38,-0.0032486379669718346,-0.0005,5.856994566430085
2025-03-07,1.0,0.0029344842850062953,9.651615153237845e-38,0.002497027849178046,0.001997027849178046,5.868702834669436
2025-03-10,-1.0,-0.0028147335029504975,9.651615153237845e-38,-0.01094150740918387,0.00994150740918387,5.927337563254433
2025-03-11,1.0,0.0068726970396848905,9.651615153237845e-38,0.010204159818151481,0.00920415981815148,5.982145569378343
2025-03-12,1.0,0.0018308457084569537,9.651615153237845e-38,0.008082998023249743,0.008082998023249743,6.030695189098951
2025-03-13,1.0,0.007853047633457682,9.651615153237845e-38,0.016201923385298578,0.016201923385298578,6.129199878427914
2025-03-14,1.0,0.004375747260742644,9.651615153237845e-38,0.0012708124106879382,0.0012708124106879382,6.136993893017321
2025-03-17,0.0,-0.0003258301184007664,9.651615153237845e-38,0.0036856020632072273,-0.0005,6.133926163067211
2025-03-18,1.0,0.006706166197816643,9.651615153237845e-38,0.010082625676085755,0.009582625676085754,6.192987812298421
2025-03-19,-1.0,-0.0009545906770796707,9.651615153237845e-38,0.007169102298925978,-0.008169102298925979,6.142602741921316
2025-03-20,1.0,0.0009036572890373921,9.651615153237845e-38,-0.0020691475750460597,-0.0030691475750460597,6.123779088672381
2025-03-21,1.0,0.0011576600095353018,9.651615153237845e-38,-0.007043306806668426,-0.007043306806668426,6.0807989724873055
2025-03-24,0.0,-0.0004977397816947093,9.651615153237845e-38,-0.005034750278515077,-0.0005,6.077759332974266
2025-03-25,1.0,0.007614208742568018,9.651615153237845e-38,0.0036065232681448123,0.0031065232681448123,6.096669390820082
2025-03-26,0.0,0.00012789710584217994,9.651615153237845e-38,0.0010047463316897876,-0.0005,6.093621818081348
2025-03-27,1.0,0.008501309103994903,9.651615153237845e-38,0.01080565002786571,0.01030565002786571,6.156745257302011
2025-03-28,-1.0,-0.0010758683753579635,9.651615153237845e-38,0.00913703272928501,-0.010137032729285012,6.094649394762053
2025-03-31,1.0,0.002430718262425562,9.651615153237845e-38,0.012197758241860868,0.011197758241860867,6.163279338891738
2025-04-01,-1.0,-0.0022163222167897404,1.2884886578558273e-39,-0.002924780641114566,0.001924780641114566,6.175153723776094
2025-04-02,0.0,0.0004985488103841073,1.2884886578558273e-39,0.01448112917271338,-0.0005,6.172066918679788
2025-04-03,-1.0,-0.0068744001846031905,1.2884886578558273e-39,-0.014383037155788259,0.013883037155788258,6.258351513295597
2025-04-04,-1.0,-0.007228752732750383,1.2884886578558273e-39,-0.036813751752916346,0.036813751752916346,6.493038257681443
2025-04-07,0.0,-0.000452397809248313,1.2884886578558273e-39,-0.00595546427701521,-0.0005,6.489792550047129
2025-04-08,0.0,0.0004028544811589684,1.2884886578558273e-39,-0.0015149216389147568,-0.0,6.489792550047129
2025-04-09,1.0,0.008450268831239486,1.2884886578558273e-39,0.03433600524773617,0.03383600524773617,6.71313846338092
2025-04-10,1.0,0.0032026720285152927,1.2884886578558273e-39,0.03285931385524954,0.03285931385524954,6.937391815262085
2025-04-11,1.0,0.007925409031182128,1.2884886578558273e-39,0.011135963620120037,0.011135963620120037,7.015078111198591
2025-04-14,1.0,0.002384428925088836,1.2884886578558273e-39,-0.0032900840232148454,-0.0032900840232148454,6.992035841071112
2025-04-15,1.0,0.0007858107530419394,1.2884886578558273e-39,0.01447781511936519,0.01447781511936519,7.094001582808818
2025-04-16,1.0,0.008349109722345245,1.2884886578558273e-39,0.026622852214273962,0.026622852214273962,7.285400628011545
2025-04-17,-1.0,-0.0013930024230305025,1.2884886578558273e-39,-0.005994448547484765,0.004994448547484765,7.321878203456553
2025-04-18,1.0,0.0019009094499947195,1.2884886578558273e-39,0.008369051872222144,0.007369051872222144,7.376032792665922
2025-04-21,1.0,0.0053740724097561116,1.2884886578558273e-39,0.019134555285358346,0.019134555285358346,7.518528851621524
2025-04-22,-1.0,-0.0010384981787440182,1.2884886578558273e-39,-0.023765296258890345,0.022765296258890344,7.691653528758957
2025-04-23,1.0,0.0035268514570424036,1.2884886578558273e-39,-0.007285061484161304,-0.008285061484161305,7.6281909649969935
2025-04-24,1.0,0.004277343424705323,1.2884886578558273e-39,0.011703171650360389,0.011703171650360389,7.717989431748123
2025-04-25,-1.0,-0.001681860437642098,1.2884886578558273e-39,-0.013721937214102198,0.012721937214102197,7.816804435107489
2025-04-28,1.0,0.0048688382818606055,1.2884886578558273e-39,0.008381447363220218,0.007381447363220218,7.874717242812957
2025-04-29,1.0,0.0008909822278814326,1.2884886578558273e-39,-0.004210632043143647,-0.004210632043143647,7.8416294152787565
2025-04-30,0.0,0.0003197763117878136,1.2884886578558273e-39,-0.014552657485907616,-0.0005,7.837709580611447
2025-05-01,-1.0,-0.0026724701983168123,1.2805550700448856e-42,-0.010419340705363211,0.009919340705363211,7.915841359522647
2025-05-02,1.0,0.007184310768275041,1.2805550700448856e-42,0.0023066946181913295,0.0013066946181913295,7.926191707725012
2025-05-05,1.0,0.0029953997538131006,1.2805550700448856e-42,0.02601172671195151,0.02601172671195151,8.135070512158075
2025-05-06,1.0,0.008787632083602646,1.2805550700448856e-42,0.019172679026535633,0.019172679026535633,8.292546401413578
2025-05-07,-1.0,-0.001872352825592142,1.2805550700448856e-42,-0.006687085710144203,0.005687085710144203,8.33984118081485
2025-05-08,1.0,0.0016939097415970463,1.2805550700448856e-42,-0.01649909632223867,-0.017499096322238672,8.19517098720978
2025-05-09,1.0,0.004845693505325816,1.2805550700448856e-42,-0.009690868629668614,-0.009690868629668614,8.116136237992118
2025-05-12,-1.0,-0.003524263112300376,1.2805550700448856e-42,-0.015191188037281478,0.014191188037281477,8.232134986768942
2025-05-13,1.0,0.004016324830371164,1.2805550700448856e-42,0.003353477864690646,0.002353477864690646,8.251531950448694
2025-05-14,0.0,-0.0001973114937179677,1.2805550700448856e-42,-0.0205909174419574,-0.0005,8.247407215743078
2025-05-15,1.0,0.0033879482283074047,1.2805550700448856e-42,0.018100355528575918,0.017600355528575917,8.393849452347947
2025-05-16,1.0,0.0009644197003960381,1.2805550700448856e-42,-0.0008146719128845348,-0.0008146719128845348,8.38701400366022
2025-05-19,1.0,0.0061701733969832685,1.2805550700448856e-42,-0.004559930174135474,-0.004559930174135474,8.348856868486687
2025-05-20,1.0,0.008719883234534369,1.2805550700448856e-42,0.021019991324624954,0.021019991324624954,8.526207188536022
2025-05-21,1.0,0.004763057860697513,1.2805550700448856e-42,0.009470734254710678,0.009470734254710678,8.607340219272553
2025-05-22,0.0,-0.0004221647631057668,1.2805550700448856e-42,-0.00854962988528385,-0.0005,8.603037624901146
2025-05-23,1.0,0.008302410912423371,1.2805550700448856e-42,0.01530210260412801,0.014802102604128009,8.731327810396126
2025-05-26,0.0,-4.415527939416804e-05,1.2805550700448856e-42,-1.940375604192468e-05,-0.0005,8.726963237725023
2025-05-27,-1.0,-0.0012859765562752397,1.2805550700448856e-42,-0.010463803956602291,0.00996380395660229,8.814351625973428
2025-05-28,1.0,0.0028687781425925703,1.2805550700448856e-42,-0.014950992072284564,-0.015950992072284564,8.674869370647851
2025-05-29,1.0,0.006381086228223056,1.2805550700448856e-42,0.017154317239075567,0.017154317239075567,8.824964541227299
2025-05-30,-1.0,-0.003545496278098436,1.2805550700448856e-42,-0.0017185330268372212,0.0007185330268372212,8.831307848375767
2025-06-02,1.0,0.009839285936855673,3.5372141888841224e-43,0.021647481576065886,0.020647481576065885,9.015547612682132
2025-06-03,1.0,0.0010146731493604047,3.5372141888841224e-43,-0.00829559992514639,-0.00829559992514639,8.941067591932166
2025-06-04,1.0,0.003561414527714058,3.5372141888841224e-43,0.005775816238363873,0.005775816238363873,8.992858980108164
2025-06-05,1.0,0.007823206904773715,3.5372141888841224e-43,-0.0037277840604481582,-0.0037277840604481582,8.959397950240058
2025-06-06,1.0,0.002077363804463132,3.5372141888841224e-43,-0.014119250572601771,-0.014119250572601771,8.83378681985512
2025-06-09,1.0,0.006872859417174075,3.5372141888841224e-43,0.0014998365736609287,0.0014998365736609287,8.847045997225486
2025-06-10,1.0,0.0020081959775087046,3.5372141888841224e-43,0.001818816688446745,0.001818816688446745,8.863151794435112
2025-06-11,1.0,0.00012741739282038717,3.5372141888841224e-43,0.010515402388925565,0.010515402388925565,8.956843139771138
2025-06-12,1.0,0.006228729970729116,3.5372141888841224e-43,0.011516279770631854,0.011516279770631854,9.060588887154832
2025-06-13,1.0,0.0014522520995208922,3.5372141888841224e-43,0.011608810090049104,0.011608810090049104,9.166384434940372
2025-06-16,1.0,0.0032159552018840203,3.5372141888841224e-43,-0.012061802911118136,-0.012061802911118136,9.056485434921665
2025-06-17,1.0,0.0038433149414070543,3.5372141888841224e-43,-0.004464858798320037,-0.004464858798320037,9.016139642403353
2025-06-18,1.0,0.0009159450042779162,3.5372141888841224e-43,-0.002432833756074615,-0.002432833756074615,8.994231533730575
2025-06-19,1.0,0.0011486149288271184,3.5372141888841224e-43,-0.00278056147775807,-0.00278056147775807,8.969257257352027
2025-06-20,-1.0,-0.0031352106944279455,3.5372141888841224e-43,0.0007741116966695216,-0.0017741116966695216,8.95335890004212
2025-06-23,1.0,0.003625251753883622,3.5372141888841224e-43,-0.007759091378449767,-0.008759091378449768,8.87527806906639
2025-06-24,-1.0,-0.00020753892446328338,3.5372141888841224e-43,-0.005119410181009698,0.004119410181009698,8.911914388107778
2025-06-25,1.0,0.007181313197704823,3.5372141888841224e-43,0.0024782186040219756,0.0014782186040219756,8.925097887400051
2025-06-26,1.0,0.007192063540057859,3.5372141888841224e-43,-0.005367703699908688,-0.005367703699908688,8.877318952748096
2025-06-27,-1.0,-0.0015422981727989944,3.5372141888841224e-43,-0.015083822227378363,0.014083822227378362,9.003230108660414
2025-06-30,1.0,0.001781804632868854,3.5372141888841224e-43,0.013168969274506281,0.01216896927450628,9.113459467804336
2025-07-01,1.0,0.004491722114759516,9.377826611260903e-44,0.009798025869375948,0.009798025869375948,9.203192263686061
2025-07-02,1.0,0.006888061182561664,9.377826611260903e-44,0.0008445826382583732,0.0008445826382583732,9.210968403422592
2025-07-03,1.0,0.0011023147498359775,9.377826611260903e-44,-0.005751769527931216,-0.005751769527931216,9.158141106893982
2025-07-04,1.0,0.0027358157799521957,9.377826611260903e-44,-0.0007499803710473429,-0.0007499803710473429,9.151275255777133
2025-07-07,-1.0,-0.0038578755225182238,9.377826611260903e-44,0.0034939434453864493,-0.004493943445386449,9.110242211471732
2025-07-08,1.0,0.0013752606538948308,9.377826611260903e-44,-0.00952484601757142,-0.010524846017571421,9.014861131069502
2025-07-09,0.0,0.000731257833420677,9.377826611260903e-44,0.004324839823997451,-0.0005,9.010354827173822
2025-07-10,1.0,0.005862534310091887,9.377826611260903e-44,0.0022843793508933175,0.0017843793508933174,9.026447071335928
2025-07-11,1.0,0.010437465318579198,9.377826611260903e-44,0.012219185632339702,0.012219185632339702,9.137419519415294
2025-07-14,0.0,0.00040523749352546965,9.377826611260903e-44,-0.006201047713172869,-0.0005,9.132851951642687
2025-07-15,-1.0,-0.0021296177022705736,9.377826611260903e-44,-0.005079948675241752,0.004579948675241752,9.17477587626857
2025-07-16,1.0,0.0031658201104503595,9.377826611260903e-44,0.00450784178069874,0.0035078417806987403,9.20701605207426
2025-07-17,1.0,0.0035422809343971066,9.377826611260903e-44,-0.0013446673339903015,-0.0013446673339903015,9.194643998357947
2025-07-18,1.0,0.005088274755151786,9.377826611260903e-44,0.003018751050527513,0.003018751050527513,9.222442276517771
2025-07-21,1.0,0.00854608520683051,9.377826611260903e-44,0.012442379107856283,0.012442379107856283,9.337908245673368
2025-07-22,1.0,0.002447481579099932,9.377826611260903e-44,0.011877313960376057,0.011877313960376057,9.449478781172848
2025-07-23,1.0,0.0026451430788406636,9.377826611260903e-44,-0.012470103111656528,-0.012470103111656528,9.332374475311244
2025-07-24,0.0,-0.00013578355980021112,9.377826611260903e-44,-0.005971329352904675,-0.0005,9.327709454425998
2025-07-25,-1.0,-0.0031980300661637218,9.377826611260903e-44,-0.010881793425909336,0.010381793425909336,9.425052229095767
2025-07-28,-1.0,-0.0011590236493711202,9.377826611260903e-44,-0.006703644683550891,0.006703644683550891,9.488446679894087
2025-07-29,1.0,0.004307353563579389,9.377826611260903e-44,0.0053341481266979685,0.004334148126697968,9.52966026166528
2025-07-30,-1.0,-0.005533583726344847,9.377826611260903e-44,-0.013418390767313326,0.012418390767313325,9.648741172970322
2025-07-31,-1.0,-0.002131533617601348,9.377826611260903e-44,0.0009434668255927647,-0.0009434668255927647,9.639642198730003
2025-08-01,1.0,0.00537831119805393,1.3537780681132706e-43,0.0208165166475478,0.0198165166475478,9.832571609798128
2025-08-04,1.0,0.005276390442091946,1.3537780681132706e-43,0.005885488164095065,0.005885488164095065,9.890611723293334
2025-08-05,1.0,0.0041177199521058045,1.3537780681132706e-43,0.0017050072018136575,0.0017050072018136575,9.907489671935133
2025-08-06,1.0,0.0030649922767498274,1.3537780681132706e-43,-0.003982035489588753,-0.003982035489588753,9.868116141873317
2025-08-07,1.0,0.0032991675929718183,1.3537780681132706e-43,0.009304640789553176,0.009304640789553176,9.960363918517078
2025-08-08,1.0,0.0038867542737488023,1.3537780681132706e-43,-0.003763080978915312,-0.003763080978915312,9.922952697387206
2025-08-11,-1.0,-0.00477279785172155,1.3537780681132706e-43,-0.011008687086365043,0.010008687086365042,10.022767098229457
2025-08-12,1.0,0.0026942538654091243,1.3537780681132706e-43,-0.0009230184562500909,-0.001923018456250091,10.003511652339666
2025-08-13,1.0,0.005995718975844562,1.3537780681132706e-43,0.006030397147904765,0.006030397147904765,10.064019058957093
2025-08-14,-1.0,-0.0032965495486171844,1.3537780681132706e-43,-0.010173136110701364,0.009173136110701363,10.156762398911845
2025-08-15,1.0,0.0013116729640603468,1.3537780681132706e-43,-4.333766709585518e-05,-0.0010433376670958552,10.14617099229283
2025-08-18,1.0,0.0010111231291950154,1.3537780681132706e-43,0.0012181703668847632,0.0012181703668847632,10.158538288340411
2025-08-19,-1.0,-0.0016645122112961565,1.3537780681132706e-43,-0.006836797641289749,0.005836797641289749,10.21800499941329
2025-08-20,1.0,0.004222605433599478,1.3537780681132706e-43,0.008875847662350722,0.007875847662350721,10.298798190006297
2025-08-21,1.0,0.0022291519307232823,1.3537780681132706e-43,-0.0021718799802048494,-0.0021718799802048494,10.276454708859912
2025-08-22,1.0,0.00816404595601647,1.3537780681132706e-43,0.008274725101857783,0.008274725101857783,10.361842338965848
2025-08-25,1.0,0.0006302363028619155,1.3537780681132706e-43,4.374522378292056e-05,4.374522378292056e-05,10.362295629992355
2025-08-26,1.0,0.001893603388671287,1.3537780681132706e-43,0.007879362115824406,0.007879362115824406,10.44426642430645
2025-08-27,1.0,0.003225854600061592,1.3537780681132706e-43,0.0009867960844367474,0.0009867960844367474,10.454577872330292
2025-08-28,1.0,0.005979454891746302,1.3537780681132706e-43,0.006550786903964934,0.006550786903964934,10.523288392417133
2025-08-29,1.0,0.00573999651600833,1.3537780681132706e-43,0.007671621256678307,0.007671621256678307,10.604329536355442
2025-09-01,1.0,0.0014871181480060201,1.668933110138107e-44,0.010852926259261153,0.010852926259261153,10.720044329102407
2025-09-02,1.0,0.004160279661682783,1.668933110138107e-44,0.013979509912566357,0.013979509912566357,10.870957684739562
2025-09-03,1.0,0.0036565424800577553,1.668933110138107e-44,0.007396738956739313,0.007396738956739313,10.951665440070801
2025-09-04,-1.0,-0.0016184484209857358,1.668933110138107e-44,-0.0012802260519197972,0.0002802260519197972,10.954734812077932
2025-09-05,1.0,0.006410308635737732,1.668933110138107e-44,0.010309527931610774,0.009309527931610773,11.057194407034526
2025-09-08,1.0,0.00826052719651395,1.668933110138107e-44,0.01333383434710278,0.01333383434710278,11.205616524560988
2025-09-09,-1.0,-0.0014592673992864878,1.668933110138107e-44,-0.0016000529617468118,0.0006000529617468118,11.212342505715391
2025-09-10,1.0,0.003437299870765872,1.668933110138107e-44,0.0039041452359143136,0.0029041452359143136,11.24495210537428
2025-09-11,1.0,0.003734305382872302,1.668933110138107e-44,-0.0033684144309304997,-0.0033684144309304997,11.20713816868618
2025-09-12,1.0,0.004834103645263795,1.668933110138107e-44,0.0021294142230861013,0.0021294142230861013,11.231028234998902
2025-09-15,0.0,0.0005065117620921913,1.668933110138107e-44,0.01029398224829059,-0.0005,11.225414124525981
2025-09-16,1.0,0.0025507057125551866,1.668933110138107e-44,0.004450159538240683,0.003950159538240683,11.269843995968168
2025-09-17,-1.0,-0.0036772788134037055,1.668933110138107e-44,-0.00846705481968435,0.00746705481968435,11.35431150819726
2025-09-18,0.0,0.0009941976154761597,1.668933110138107e-44,-0.006836520006821445,-0.0005,11.34863577149558
2025-09-19,1.0,0.005379477809207115,1.668933110138107e-44,0.013992386876447327,0.013492386876447326,11.502793595721778
2025-09-22,1.0,0.007297657824624834,1.668933110138107e-44,0.015297929512827935,0.015297929512827935,11.680115391359827
2025-09-23,1.0,0.001089328071781605,1.668933110138107e-44,0.0032501009080672105,0.0032501009080672105,11.718138701326232
2025-09-24,-1.0,-0.0037720947810893717,1.668933110138107e-44,-0.002990781036690038,0.001990781036690038,11.74149018577211
2025-09-25,1.0,0.001680440013764805,1.668933110138107e-44,-0.0006691479591083294,-0.0016691479591083294,11.721908248513305
2025-09-26,1.0,0.0045986430631493784,1.668933110138107e-44,0.007654431280208485,0.007654431280208485,11.8119770626858
2025-09-29,1.0,0.0026992667712890084,1.668933110138107e-44,0.016386932104381913,0.016386932104381913,12.007133771574875
2025-09-30,-1.0,-0.003592618942636769,1.668933110138107e-44,0.007410370722094939,-0.00841037072209494,11.906572795549208
2025-10-01,1.0,0.003094791958713604,3.502374025157404e-45,-0.0016478568753690581,-0.002647856875369058,11.875087597455162
2025-10-02,-1.0,-0.0039046680057849867,3.502374025157404e-45,0.000482451697626729,-0.001482451697626729,11.857496395961734
2025-10-03,1.0,0.007658403835305164,3.502374025157404e-45,0.011271606177773563,0.010271606177773562,11.979919594273278
2025-10-06,1.0,0.0021396206289257483,3.502374025157404e-45,0.017109747778205175,0.017109747778205175,12.186656562240152
2025-10-07,-1.0,-0.0031441861141807883,3.502374025157404e-45,0.006307819325067854,-0.007307819325067854,12.097923296138955
2025-10-08,1.0,0.00494369476539211,3.502374025157404e-45,0.00532672667526235,0.00432672667526235,12.150381107047904
2025-10-09,-1.0,-0.006025809397364273,3.502374025157404e-45,-0.007275671035339215,0.006275671035339215,12.226872668723324
2025-10-10,1.0,0.002561232525423763,3.502374025157404e-45,0.010871954488825608,0.009871954488825607,12.348173552533732
2025-10-13,1.0,0.008604647226661058,3.502374025157404e-45,0.022455149066647806,0.022455149066647806,12.628590246828587
2025-10-14,0.0,0.0014625286475043985,3.502374025157404e-45,0.010874668634135887,-0.0005,12.622277530015891
2025-10-15,1.0,0.005364179078597917,3.502374025157404e-45,0.010580783136321159,0.010080783136321159,12.750163484768075
2025-10-16,1.0,0.0073817583430700025,3.502374025157404e-45,0.03423514011413786,0.03423514011413786,13.194225001449265
2025-10-17,-1.0,-0.007708982228346338,3.502374025157404e-45,-0.03079509890240928,0.02979509890240928,13.593263414780312
2025-10-20,1.0,0.003929353899782369,3.502374025157404e-45,0.03050560954391557,0.029505609543915567,14.000316582809983
2025-10-21,-1.0,-0.0077613360033134,3.502374025157404e-45,-0.08326228320723672,0.08226228320723672,15.200711342785727
2025-10-22,1.0,0.0025293125672556133,3.502374025157404e-45,0.019238028603096424,0.018238028603096423,15.480485863929342
2025-10-23,1.0,0.004445646068005988,3.502374025157404e-45,0.01017712572309648,0.01017712572309648,15.63883712843248
2025-10-24,1.0,0.0022693256879852733,3.502374025157404e-45,-0.014843811465063084,-0.014843811465063084,15.408411606027736
2025-10-27,-1.0,-0.005740252135638656,3.502374025157404e-45,-0.020025298568583594,0.019025298568583593,15.704367636203166
2025-10-28,1.0,0.007489870522199135,3.502374025157404e-45,-0.006175533627867935,-0.007175533627867935,15.59208374830689
2025-10-29,1.0,0.002334383937991135,3.502374025157404e-45,-0.0016736087358033558,-0.0016736087358033558,15.56601052500934
2025-10-30,1.0,0.004152355675267409,3.502374025157404e-45,0.01813182274993075,0.01813182274993075,15.850824968278634
2025-10-31,0.0,-0.0002785808973171018,3.502374025157404e-45,-0.012871032659042214,-0.0005,15.84290153681743
2025-11-03,1.0,0.0012539411872122073,3.828922589677758e-40,0.004469375639052586,0.003969375639052586,15.905912939459245
2025-11-04,-1.0,-0.0024851277971740717,3.828922589677758e-40,-0.015137435222682072,0.014137435222682071,16.132378804638094
2025-11-05,1.0,0.004508045704619825,3.828922589677758e-40,0.009700891136240841,0.00870089113624084,16.27335730628057
2025-11-06,1.0,0.0006889005042337779,3.828922589677758e-40,0.0025420104873479232,0.0025420104873479232,16.314776973527902
2025-11-07,1.0,0.0027160023773474262,3.828922589677758e-40,0.007339012062811179,0.007339012062811179,16.434951761252055
2025-11-10,1.0,0.008482692996500285,3.828922589677758e-40,0.025807096820400943,0.025807096820400943,16.86461042798439
2025-11-11,1.0,0.0024521312604748762,3.828922589677758e-40,0.005893158016055722,0.005893158016055722,16.964289666384687
2025-11-12,1.0,0.009110838367715868,3.828922589677758e-40,0.010575721899675372,0.010575721899675372,17.14465132242364
2025-11-13,1.0,0.0011331401570881458,3.828922589677758e-40,-0.0006932499255043467,-0.0006932499255043467,17.132769913040505
2025-11-14,-1.0,-0.005323341163762741,3.828922589677758e-40,-0.023954409805822863,0.022954409805822862,17.530590940511978
2025-11-17,1.0,0.002296338563518977,3.828922589677758e-40,-0.011741177186966212,-0.012741177186966213,17.308647488045793
2025-11-18,1.0,0.0011477828499059511,3.828922589677758e-40,0.0088428384785324,0.0088428384785324,17.462383792927575
2025-11-19,1.0,0.002806197033832893,3.828922589677758e-40,0.007586310262153617,0.007586310262153617,17.595362625873022
2025-11-20,-1.0,-0.0012721647331613132,3.828922589677758e-40,-0.00619612337001918,0.00519612337001918,17.687028247511446
2025-11-21,1.0,0.002691931547233926,3.828922589677758e-40,-0.005703345480526423,-0.006703345480526423,17.568862482098968
2025-11-24,1.0,0.0038948431222580477,3.828922589677758e-40,0.017461565529577783,0.017461565529577783,17.878336411924423
2025-11-25,1.0,0.005403822834141008,3.828922589677758e-40,0.003176491280433069,0.003176491280433069,17.93521708429784
2025-11-26,1.0,0.008398643398589733,3.828922589677758e-40,0.004071025014317442,0.004071025014317442,18.008380625942905
2025-11-27,1.0,0.0018707041120298432,3.828922589677758e-40,0.00490043922469674,0.00490043922469674,18.096846183743786
2025-11-28,1.0,0.009603520579385787,3.828922589677758e-40,0.012350644809568934,0.012350644809568934,18.321739835200756
2025-12-01,1.0,0.005596247574373554,1.678369030636962e-36,-0.006485903864913212,-0.006485903864913212,18.20329133003074
2025-12-02,0.0,0.0004865452681663272,1.678369030636962e-36,0.0032473916610307185,-0.0005,18.194191959397955
2025-12-03,1.0,0.004839001339140061,1.678369030636962e-36,-0.0010156799079457102,-0.0015156799079457102,18.166636276276687
2025-12-04,-1.0,-0.003370948944701658,1.678369030636962e-36,-0.003704167319432017,0.002704167319432017,18.215828382265176
2025-12-05,1.0,0.005740332859604943,1.678369030636962e-36,0.001950440622543681,0.000950440622543681,18.233149675659487
2025-12-08,0.0,-0.00015846007345491996,1.678369030636962e-36,-0.0020167466905505194,-0.0005,18.22403537958556
2025-12-09,1.0,0.008852371814313692,1.678369030636962e-36,0.004237305167110961,0.0037373051671109607,18.29227159152523
2025-12-10,1.0,0.002616019525253848,1.678369030636962e-36,0.006691839148775358,0.006691839148775358,18.415091016270708
2025-12-11,1.0,0.010571290886067133,1.678369030636962e-36,0.007467998200652914,0.007467998200652914,18.553129677536504
2025-12-12,-1.0,-0.0039671930674029035,1.678369030636962e-36,0.008501845060223445,-0.009501845060223446,18.377675602746717
2025-12-15,1.0,0.00686889800420813,1.678369030636962e-36,-0.0014241555692802166,-0.0024241555692802166,18.333179212959813
2025-12-16,1.0,0.0011880400863686586,1.678369030636962e-36,0.0030299460778433485,0.0030299460778433485,18.388811997016713
2025-12-17,1.0,0.008929929178098345,1.678369030636962e-36,0.002862468232976312,0.002862468232976312,18.441524795563165
2025-12-18,0.0,-0.0006312175712058078,1.678369030636962e-36,-0.0009275240038864041,-0.0005,18.432306337971834
2025-12-19,1.0,0.006015815155361864,1.678369030636962e-36,0.009124252004941269,0.008624252004941269,18.591958644177033
2025-12-22,1.0,0.0070211270895911655,1.678369030636962e-36,0.0267614790364874,0.0267614790364874,19.096224308259586
2025-12-23,1.0,0.008037160780686586,1.678369030636962e-36,0.006345074788731253,0.006345074788731253,19.217776500746844
2025-12-24,1.0,0.0033192448595574455,1.678369030636962e-36,-0.007377704913908545,-0.007377704913908545,19.076515149648557
2025-12-25,1.0,0.0011814749000080575,1.678369030636962e-36,0.007835403465563218,0.007835403465563218,19.226574462470836
2025-12-26,1.0,0.00969818171378367,1.678369030636962e-36,-0.00035480233909268577,-0.00035480233909268577,19.219754038901478
2025-12-29,-1.0,-0.008481228069520473,1.678369030636962e-36,-0.040590042067906396,0.039590042067906395,19.995927911217038
2025-12-30,1.0,0.006958582224530883,1.678369030636962e-36,0.004707058275240428,0.0037070582752404277,20.070191546016435
2025-12-31,-1.0,-0.005788132879366547,1.678369030636962e-36,-0.0008421727508753918,-0.00015782724912460824,20.067024172850797
2026-01-02,1.0,0.0037764549734274344,4.480538652254291e-38,0.011930737407535474,0.010930737407535474,20.287574738832966
2026-01-05,1.0,0.01007094828921182,4.480538652254291e-38,0.00855704700347637,0.00855704700347637,20.461921351692286
2026-01-06,1.0,0.006734985096476114,4.480538652254291e-38,0.0071123231076573035,0.0071123231076573035,20.607971911469438
2026-01-07,-1.0,-0.003632886461487586,4.480538652254291e-38,-0.0032273129533706424,0.0022273129533706424,20.653923469503926
2026-01-08,-1.0,-0.00276566441704778,4.480538652254291e-38,0.00023272517267081128,-0.00023272517267081128,20.649117340873406
2026-01-09,1.0,0.0073092463181331285,4.480538652254291e-38,0.02714225138369919,0.02614225138369919,21.196049629714498
2026-01-12,1.0,0.008725107506629404,4.480538652254291e-38,0.002861594603157158,0.002861594603157158,21.256790998079573
2026-01-13,1.0,0.0006312903288390809,4.480538652254291e-38,0.004589097993267899,0.004589097993267899,21.354564669881437
2026-01-14,1.0,0.006668966404893398,4.480538652254291e-38,-0.00039641857799033176,-0.00039641857799033176,21.34610100140995
2026-01-15,1.0,0.003191480569606051,4.480538652254291e-38,-0.002427690118190995,-0.002427690118190995,21.294342135611277
2026-01-16,-1.0,-0.00526215350566913,4.480538652254291e-38,0.013743562180628999,-0.014743562180629,20.98269074938793
2026-01-19,1.0,0.005833101061602802,4.480538652254291e-38,0.0008697428784483208,-0.00013025712155167925,20.979957782486572
2026-01-20,1.0,0.009255363440251716,4.480538652254291e-38,0.028001083967970075,0.028001083967970075,21.575721430231166
2026-01-21,-1.0,-0.00043476285472860224,4.480538652254291e-38,-0.0036820446240088955,0.0026820446240088955,21.633666148327283
2026-01-22,1.0,0.006347928965751934,4.480538652254291e-38,0.033198493442512245,0.032198493442512244,22.341573217757883
2026-01-23,1.0,0.008878622591673813,4.480538652254291e-38,0.02214094128575006,0.02214094128575006,22.84175347638922
2026-01-26,1.0,0.006709242888218478,4.480538652254291e-38,0.001153338749634969,0.001153338749634969,22.868112953564445
2026-01-27,-1.0,-0.0030555146177139287,4.480538652254291e-38,0.023862317483223094,-0.024862317483223095,22.30656824603443
2026-01-28,1.0,0.004239100037811886,4.480538652254291e-38,0.0547532087624667,0.0537532087624667,23.538429515587286
2026-01-29,1.0,0.0018180661099666243,4.480538652254291e-38,-0.026398170021906253,-0.026398170021906253,22.92518789124051
2026-01-30,-1.0,-0.010291769643702339,4.480538652254291e-38,-0.14035092382475156,0.13935092382475156,26.35313222241718
2026-02-02,1.0,0.0041962947559280725,1.4877432955582385e-35,0.0393753048874359,0.0383753048874359,27.38409698070109
2026-02-03,1.0,0.007302155727142877,1.4877432955582385e-35,0.044257712758206225,0.044257712758206225,28.62327378178364
2026-02-04,1.0,0.002671014241250502,1.4877432955582385e-35,-0.012179960847516824,-0.012179960847516824,28.276757986039065
2026-02-05,-1.0,-0.0073454618716138976,1.4877432955582385e-35,-0.0455260812968632,0.044526081296863196,29.564262263886384
2026-02-06,1.0,0.007965638705867448,1.4877432955582385e-35,0.04311673281876516,0.04211673281876516,30.836005247072574
2026-02-09,1.0,0.011710742799280006,1.4877432955582385e-35,0.012896494969472982,0.012896494969472982,31.236257008574345
2026-02-10,-1.0,-0.0015998451453635596,1.4877432955582385e-35,0.0024946395346550077,-0.0034946395346550077,31.127288064406336
2026-02-11,1.0,0.00800715038580297,1.4877432955582385e-35,0.000978694175138628,-2.1305824861372023e-05,31.12662487892331
2026-02-12,-1.0,-0.00603769765689397,1.4877432955582385e-35,-0.019515019582788895,0.018515019582788894,31.70830322427535
2026-02-13,1.0,0.005050273139678532,1.4877432955582385e-35,0.013902196000659117,0.012902196000659116,32.12006054216032
2026-02-16,0.0,0.0007015434397476953,1.4877432955582385e-35,-0.014997043989533054,-0.0005,32.10400452622772
2026-02-17,-1.0,-0.0060340695563125095,1.4877432955582385e-35,-0.011922345212838081,0.011422345212838081,32.47280984967494
2026-02-18,1.0,0.005138182626021635,1.4877432955582385e-35,0.015345499122645379,0.014345499122645378,32.94200589418133
2026-02-19,1.0,0.003716204883191371,1.4877432955582385e-35,0.009984303940502315,0.009984303940502315,33.272556305383446
2026-02-20,1.0,0.00991448004219229,1.4877432955582385e-35,0.026459565632340087,0.026459565632340087,34.16468430410137
2026-02-23,1.0,0.006584087641200085,1.4877432955582385e-35,0.008025018387220584,0.008025018387220584,34.4399595911251
2026-02-24,1.0,0.001465653843224729,1.4877432955582385e-35,-0.0037414087300025045,-0.0037414087300025045,34.31134637298728
2026-02-25,1.0,0.006038015860243254,1.4877432955582385e-35,0.003779812184259157,0.003779812184259157,34.44128222993465
2026-02-26,-1.0,-0.001863249067088062,1.4877432955582385e-35,-0.0024015278056772615,0.0014015278056772615,34.48958648661559
2026-02-27,1.0,0.00817056768297883,1.4877432955582385e-35,0.0302173550740239,0.0292173550740239,35.512146489034635
2026-03-02,-1.0,-0.007598982753262575,1.960668296270954e-30,0.005046291463841612,-0.006046291463841612,35.29807751471566
2026-03-03,-1.0,-0.004052618104213846,1.960668296270954e-30,-0.03847153263884806,0.03847153263884806,36.68250849772374
2026-03-04,1.0,0.00405837791047836,1.960668296270954e-30,0.00392053745300025,0.00292053745300025,36.78979773251497
2026-03-05,-1.0,-0.0018770318614166628,1.960668296270954e-30,-0.019159062185558184,0.018159062185558184,37.463968586930385
2026-03-06,1.0,0.003116047842065714,1.960668296270954e-30,-0.003594103943592941,-0.004594103943592941,37.29224996971213
2026-03-09,1.0,0.0028165501317752584,1.960668296270954e-30,0.015603620779737426,0.015603620779737426,37.878707628886644
2026-03-10,1.0,0.011241917321690357,1.960668296270954e-30,0.014168989736615956,0.014168989736615956,38.41923094020494
2026-03-11,-1.0,-0.006151208448508733,1.960668296270954e-30,-0.011811764360416532,0.010811764360416531,38.836864220108446
2026-03-12,-1.0,-0.002246898244418862,1.960668296270954e-30,-0.00721531430375677,0.00721531430375677,39.11809777617708
2026-03-13,-1.0,-0.00609055161624469,1.960668296270954e-30,-0.023603186821185673,0.023603186821185673,40.05239233555906
2026-03-16,1.0,0.005083721010045131,1.960668296270954e-30,0.002190285342331677,0.001190285342331677,40.10009449504006
2026-03-17,1.0,0.0009262382178674625,1.960668296270954e-30,0.0002575835569693652,0.0002575835569693652,40.1104249504355
2026-03-18,-1.0,-0.006163536891773708,1.960668296270954e-30,-0.035145240550702894,0.03414524055070289,41.50365579913362
2026-03-19,1.0,0.004228242148435579,1.960668296270954e-30,-0.03841813707682995,-0.03941813707682995,39.8994834551331
2026-03-20,-1.0,-0.0024423963857937822,1.960668296270954e-30,-0.05429012186664828,0.05329012186664828,42.08340572534202
2026-03-23,1.0,0.010019469685836916,1.960668296270954e-30,-0.014288791205098406,-0.015288791205098407,41.44489478965687
2026-03-24,-1.0,-0.0008757854857686591,1.960668296270954e-30,0.050470690160969056,-0.05147069016096906,39.365666127944294
2026-03-25,1.0,0.005113116250261015,1.960668296270954e-30,-0.007538410363078896,-0.008538410363078897,39.03097680707015
2026-03-26,-1.0,-0.008650536194750227,1.960668296270954e-30,-0.031690446163752384,0.030690446163752383,40.24742610534876
2026-03-27,1.0,0.00894917211793602,1.960668296270954e-30,0.006551918710131943,0.005551918710131943,40.471497982238596
2026-03-30,1.0,0.0013893026684263295,1.960668296270954e-30,0.020692852981513354,0.020692852981513354,41.31769364671095
2026-03-31,1.0,0.010917235235143692,1.960668296270954e-30,0.03893352267079031,0.03893352267079031,42.958062474165395
2026-04-01,1.0,0.003032752588929642,7.071419666111196e-28,0.01983349288352443,0.01983349288352443,43.818576188866956
2026-04-02,-1.0,-0.003132066136737594,7.071419666111196e-28,-0.02434969264325204,0.02334969264325204,44.85376511420013
2026-04-03,1.0,0.001076843893230434,7.071419666111196e-28,-0.011176860093254248,-0.01217686009325425,44.310899001912695
2026-04-06,1.0,0.002314458458898127,7.071419666111196e-28,0.007567810453569024,0.007567810453569024,44.647507575013435
2026-04-07,1.0,0.0015591038169082078,7.071419666111196e-28,0.037947534400505134,0.037947534400505134,46.374327467627005
2026-04-08,1.0,0.011430606590061794,7.071419666111196e-28,-0.029356616091707366,-0.029356616091707366,45.032722973093655
2026-04-09,1.0,0.006223344803683795,7.071419666111196e-28,0.011182193811698937,0.011182193811698937,45.53911361173922
2026-04-10,1.0,0.0014820089572948562,7.071419666111196e-28,-0.017470818444584424,-0.017470818444584424,44.75041766852065
2026-04-13,-1.0,-0.0006820103670024583,7.071419666111196e-28,0.018513678762788643,-0.019513678762788644,43.88563735724394
2026-04-14,1.0,0.008606887173685877,7.071419666111196e-28,0.015555416893302976,0.014555416893302975,44.529082551136064
2026-04-15,1.0,0.0010407050154541083,7.071419666111196e-28,-0.0004488361859618095,-0.0004488361859618095,44.50910077216761
2026-04-16,0.0,-0.000384865350109203,7.071419666111196e-28,-0.00842038341970408,-0.0005,44.48685178449197
2026-04-17,1.0,0.008841883447448956,7.071419666111196e-28,-0.00805695575316534,-0.00855695575316534,44.10780382335893
2026-04-20,-1.0,-0.0010029734804819284,7.071419666111196e-28,0.016286077327087867,-0.017286077327087868,43.351905000809786
2026-04-21,-1.0,-0.006245175361680562,7.071419666111196e-28,-0.017592799677384363,0.017592799677384363,44.121334747626406
2026-04-22,1.0,0.0037727670987387405,7.071419666111196e-28,-0.008214684393211158,-0.009214684393211159,43.71663801283919
2026-04-23,-1.0,-0.005513243759488436,7.071419666111196e-28,-0.0021170237852548013,0.0011170237852548013,43.76549782101447
2026-04-24,1.0,0.005090981434408781,7.071419666111196e-28,-0.0037037504741057603,-0.00470375047410576,43.56011924335163
2026-04-27,-1.0,-0.00048470201063840394,7.071419666111196e-28,0.004369450483162396,-0.005369450483162396,43.326852158507826
2026-04-28,-1.0,-0.0036831992878527506,7.071419666111196e-28,-0.019330463128698128,0.019330463128698128,44.172527592297165
2026-04-29,-1.0,-0.006045663376204212,7.071419666111196e-28,-0.01065150727798958,0.01065150727798958,44.645546300368686
2026-04-30,1.0,0.007421336917119296,7.071419666111196e-28,0.013517215715667774,0.012517215715667773,45.20789642060439
2026-05-01,1.0,0.008417872515249334,2.201975894944055e-25,-0.0024355452802478084,-0.0024355452802478084,45.09792451698435
2026-05-04,-1.0,-0.008737292541847711,2.201975894944055e-25,-0.018373135102246252,0.01737313510224625,45.888262296361674
2026-05-05,1.0,0.004913857253630241,2.201975894944055e-25,0.013707943263558064,0.012707943263558064,46.47512876515813
2026-05-06,1.0,0.010089427429619307,2.201975894944055e-25,0.023367661690869568,0.023367661690869568,47.57393208383403
2026-05-07,1.0,0.005396927898493653,2.201975894944055e-25,0.001181923202572932,0.001181923202572932,47.63019406011958
2026-05-08,1.0,0.0028025171701765075,2.201975894944055e-25,-0.004775048405472049,-0.004775048405472049,47.403299724757254
2026-05-11,1.0,0.008431572932261804,2.201975894944055e-25,0.018080885191089635,0.018080885191089635,48.26818876223694
2026-05-12,-1.0,-0.0013947137071461148,2.201975894944055e-25,-0.00944522939068726,0.008445229390687259,48.67755083386926
2026-05-13,1.0,0.007100089649527945,2.201975894944055e-25,-0.005491145102604733,-0.006491145102604733,48.362601086288585
2026-05-14,-1.0,-0.0037972347296368818,2.201975894944055e-25,-0.010361983307621614,0.009361983307621613,48.817496991801896
2026-05-15,-1.0,-0.012202760609169529,2.201975894944055e-25,-0.02639810898064532,0.02639810898064532,50.12334674762898
2026-05-18,1.0,0.006541930835290165,2.201975894944055e-25,0.011768942649757363,0.010768942649757363,50.66603906070155
2026-05-19,-1.0,-0.002578701548232337,2.201975894944055e-25,-0.02040522105340159,0.01940522105340159,51.658826222056234
2026-05-20,1.0,0.004984355025749361,2.201975894944055e-25,0.012469359447836226,0.011469359447836225,52.25473065733302
2026-05-21,1.0,0.0034906783198318473,2.201975894944055e-25,-0.002610957468489161,-0.002610957468489161,52.11847373597899
2026-05-22,0.0,-0.00021308600926852212,2.201975894944055e-25,0.008818691963490721,-0.0005,52.09242101283455
2026-05-25,1.0,0.004091603751346622,2.201975894944055e-25,-0.0046168533900221576,-0.005116853390022158,51.82655251692255
2026-05-26,0.0,0.0002852731947255221,2.201975894944055e-25,-0.006576769915410452,-0.0005,51.80064571790356
2026-05-27,0.0,5.2763792714745865e-05,2.201975894944055e-25,-0.016532489413775053,-0.0,51.80064571790356
2026-05-28,1.0,0.003944641457571179,2.201975894944055e-25,0.011112954778569772,0.010612954778569772,52.35333125408342
2026-05-29,1.0,0.004132373710356436,2.201975894944055e-25,0.009563708304918705,0.009563708304918705,52.85642512993022
2026-06-01,-1.0,-0.00150654415851407,3.3751076786265667e-26,-0.01334732978864217,0.01234732978864217,53.513106631059784
2026-06-02,1.0,0.0015406482375725503,3.3751076786265667e-26,-0.001050534095673683,-0.002050534095673683,53.403488607503924
2026-06-03,-1.0,-0.0033506909555050825,3.3751076786265667e-26,-0.004539604456898161,0.003539604456898161,53.592850769662846
2026-06-04,1.0,0.004452971218962279,3.3751076786265667e-26,0.00010025055964213436,-0.0008997494403578657,53.54465231869189
2026-06-05,-1.0,-0.010625044247975543,3.3751076786265667e-26,-0.025406329747603706,0.024406329747603706,54.867558737339536
2026-06-08,1.0,0.0013506233514689629,3.3751076786265667e-26,-0.005654239304009323,-0.006654239304009323,54.50366891915883
2026-06-09,-1.0,-0.005524298729256795,3.3751076786265667e-26,-0.02360617675261878,0.02260617675261878,55.74982078819554
2026-06-10,0.0,-0.0001321901164732751,3.3751076786265667e-26,-0.04125069715473728,-0.0005,55.72195284536773
2026-06-11,1.0,0.004119745060052473,3.3751076786265667e-26,0.040859273049299816,0.040359273049299815,58.01684902688397
2026-06-12,1.0,0.011002059700200875,3.3751076786265667e-26,0.019440527732054846,0.019440527732054846,59.15576185323476
2026-06-15,1.0,0.006334730559912971,3.3751076786265667e-26,0.0035381829890237526,0.0035381829890237526,59.36543647838413
2026-06-16,1.0,0.0036324092595465887,3.3751076786265667e-26,0.005409382883398095,0.005409382883398095,59.68743698115747
2026-06-17,0.0,-0.0005716753592129826,3.3751076786265667e-26,-0.009749603934421813,-0.0005,59.65760072235318
2026-06-18,-1.0,-0.0076868692572713265,3.3751076786265667e-26,-0.024315439405297568,0.023815439405297567,61.09542595974323
2026-06-19,0.0,0.0006861483179198236,3.3751076786265667e-26,-0.008921861909390927,-0.0005,61.06488588241894
2026-06-22,0.0,-0.0009325530681849662,3.3751076786265667e-26,0.0067408250003193615,0.0,61.06488588241894
2026-06-23,-1.0,-0.0112998247032794,3.3751076786265667e-26,-0.01824097767216415,0.01774097767216415,62.15790359271811
2026-06-24,-1.0,-0.007295949095995068,3.3751076786265667e-26,-0.024260458649086658,0.024260458649086658,63.68432380340208
2026-06-25,1.0,0.006413196966173863,3.3751076786265667e-26,0.0015345987953807594,0.0005345987953807594,63.71837846817233
2026-06-26,1.0,0.003949499721776095,3.3751076786265667e-26,0.010767638627084963,0.010767638627084963,64.40818205453546
2026-06-29,1.0,0.0015910173493052966,3.3751076786265667e-26,-0.01175833427834938,-0.01175833427834938,63.6552842064841
2026-06-30,1.0,0.005548611849804011,3.3751076786265667e-26,-0.0008085277655975887,-0.0008085277655975887,63.60383794244521
2026-07-01,0.0,0.0011919097546954905,1.367245238380121e-26,0.008369095252639625,-0.0005,63.57204397262882
2026-07-02,1.0,0.0045381530810955795,1.367245238380121e-26,0.02147372413186943,0.02097372413186943,64.9194673347453
2026-07-03,1.0,0.004279490934852704,1.367245238380121e-26,0.011078083757448454,0.011078083757448454,65.6426489687655
2026-07-06,1.0,0.0017877810432515716,1.367245238380121e-26,-0.005310764359652609,-0.005310764359652609,65.29496039139147
2026-07-07,-1.0,-0.0024251793341386716,1.367245238380121e-26,-0.012385361720557597,0.011385361720557596,66.04261521799509
2026-07-08,-1.0,-0.008873321999110988,1.367245238380121e-26,-0.00450328763580643,0.00450328763580643,66.34069477579183
2026-07-09,1.0,0.005745492878396743,1.367245238380121e-26,0.00907311111801512,0.00807311111801512,66.87843828730205
2026-07-10,1.0,0.0028634719515428417,1.367245238380121e-26,-0.008566889463436311,-0.008566889463436311,66.30794526345677
2026-07-13,-1.0,-0.008971901832150199,1.367245238380121e-26,-0.02293910117218445,0.02193910117218445,67.77875713402749
2026-07-14,1.0,0.0037451277837104724,1.367245238380121e-26,0.014532511598238429,0.013532511598238428,68.70220816444537
2026-07-15,-1.0,-0.0035216211727321484,1.367245238380121e-26,0.0008124610230648699,-0.00181246102306487,68.57780086569545
2026-07-16,-1.0,-0.0028176001349009003,1.367245238380121e-26,-0.017735765958843075,0.017735765958843075,69.80493056769467
2026-07-17,0.0,0.0012866287421352516,1.367245238380121e-26,0.002661229278320576,-0.0005,69.77003682657306
2026-07-20,1.0,0.003674531582164077,1.367245238380121e-26,0.004036056921917108,0.0035360569219171083,70.01718435457819
2026-07-21,1.0,0.005352755131261034,1.367245238380121e-26,0.019706777388522667,0.019706777388522667,71.41068300625511
2026-07-22,1.0,0.0019196955161134613,1.367245238380121e-26,0.008709427613709408,0.008709427613709408,72.0353454583512
2026-07-23,-1.0,-0.004850945324446375,1.367245238380121e-26,-0.02035433615669291,0.01935433615669291,73.44312108622971
2026-07-24,1.0,0.005150798716234996,1.367245238380121e-26,0.017535896457248512,0.01653589645724851,74.66766549908095
2026-07-27,1.0,0.003657005385825825,1.367245238380121e-26,-0.01194675133305978,-0.01194675133305978,73.78093677700943
2026-07-28,1.0,0.0036700690605688292,1.367245238380121e-26,-0.011174972361143176,-0.011174972361143176,72.9610266169502
2026-07-29,1.0,0.0039120722362431404,1.367245238380121e-26,0.014917819363940765,0.014917819363940765,74.05760497547277
2026-07-30,1.0,0.004824172256802061,1.367245238380121e-26,0.004814920798331457,0.004814920798331457,74.41504631324914
2026-07-31,0.0,0.0013770297328631678,1.367245238380121e-26,-0.007414033769723716,-0.0005,74.37784809042319
2026-08-03,1.0,0.003444943557204449,3.4116064833534955e-26,-0.0015238752167547887,-0.0020238752167547887,74.22746883275413
2026-08-04,1.0,0.008377955752553432,3.4116064833534955e-26,0.0019787213617803445,0.0019787213617803445,74.37448971967947
2026-08-05,1.0,0.006902675387325308,3.4116064833534955e-26,0.046261997832093726,0.046261997832093726,77.89603093141903
2026-08-06,1.0,0.00221511697163718,3.4116064833534955e-26,-0.004958208865978975,-0.004958208865978975,77.51076205130079
2026-08-07,1.0,0.007432083207981389,3.4116064833534955e-26,0.023087872027629075,0.023087872027629075,79.32113906499598
2026-08-10,1.0,0.0055820520616608115,3.4116064833534955e-26,0.014055109701965662,0.014055109701965662,80.443878003045
2026-08-11,0.0,0.0006664952353643847,3.4116064833534955e-26,-0.0067319921239832325,-0.0005,80.40366611785252
2026-08-12,1.0,0.003963439435032036,3.4116064833534955e-26,0.010212973384188473,0.009712973384188472,81.18842981161963
2026-08-13,0.0,0.001188070318928666,3.4116064833534955e-26,-0.015477158700710092,-0.0005,81.14784574357633
2026-08-14,1.0,0.0042259750427869665,3.4116064833534955e-26,0.0058581549881395745,0.005358154988139574,81.5838154315526
2026-08-17,1.0,0.005841754244660156,3.4116064833534955e-26,0.009502304084019642,0.009502304084019642,82.36274460401643
2026-08-18,0.0,-0.0012295261631684543,3.4116064833534955e-26,-0.0178840755586549,-0.0005,82.32157352534182
2026-08-19,1.0,0.007836230777487161,3.4116064833534955e-26,0.038905302583474466,0.038405302583474465,85.54465400447776
2026-08-20,1.0,0.007393012185284706,3.4116064833534955e-26,0.0013117498787913462,0.0013117498787913462,85.65694082400945
2026-08-21,1.0,0.006245914461154066,3.4116064833534955e-26,0.02579281146446455,0.02579281146446455,87.89501316292043
2026-08-24,1.0,0.0021818543383931113,3.4116064833534955e-26,0.009786368582705762,0.009786368582705762,88.75940890718773
